"donor_org","donee_org","donor_state","donee_state","donor_license","id","donor_id","donee_id","tracking_number","pickup_number","date_pickup","date_shipped","date_received","date_verified","created","updated","archived","date_status","donated_count","accepted_count","donated_quantity","accepted_quantity","donated_value","accepted_value","donor_qty","donee_qty","donor_value","donee_value","donor_street","donor_city","donor_zip","donee_street","donee_city","donee_zip"
"Import Donor 1","Import Donee 1","OR","OR","1040","1","277","279","","","0000-00-00 00:00:00","2017-06-21 19:14:48","0000-00-00 00:00:00","2017-06-21 19:14:48","2017-06-21 19:14:48","0000-00-00 00:00:00","0000-00-00 00:00:00","2017-06-21 ","3450","2005","67371","44717","35254.75391","24824.67601",\N,"67371",\N,"35254.75391","727 W Burnside St.","Portland","97209","727 W Burnside St.","Portland","97209"
"Import Donor 1","Import Donee 1","OR","OR","1040","2","277","279","","","0000-00-00 00:00:00","2017-06-21 22:44:59","0000-00-00 00:00:00","2017-06-21 22:44:59","2017-06-21 22:44:59","0000-00-00 00:00:00","0000-00-00 00:00:00","2017-06-21 ","1925","1083","35555","22704","59222.65182","50570.15684",\N,"35555",\N,"59222.65182","727 W Burnside St.","Portland","97209","727 W Burnside St.","Portland","97209"
"Import Donor 2","Import Donee 1","OR","OR","1040","3","278","279","","","0000-00-00 00:00:00","2017-06-22 00:15:01","0000-00-00 00:00:00","2017-06-22 00:15:01","2017-06-22 00:15:01","0000-00-00 00:00:00","0000-00-00 00:00:00","2017-06-22 ","814","572","13640","10901","8047.28045","6921.97429",\N,"13640",\N,"8047.28045","727 W Burnside St.","Portland","97209","727 W Burnside St.","Portland","97209"
"Import Donor 2","Import Donee 1","OR","OR","1040","4","278","279","","","0000-00-00 00:00:00","2017-06-22 01:12:50","0000-00-00 00:00:00","2017-06-22 01:12:50","2017-06-22 01:12:50","0000-00-00 00:00:00","0000-00-00 00:00:00","2017-06-22 ","935","440","15568","8737","6201.80870","5163.77137",\N,"15568",\N,"6201.80870","727 W Burnside St.","Portland","97209","727 W Burnside St.","Portland","97209"
"Import Donor 2","Import Donee 1","OR","OR","1040","5","278","279","","","0000-00-00 00:00:00","2017-06-22 16:26:20","0000-00-00 00:00:00","2017-06-22 16:26:20","2017-06-22 16:26:20","0000-00-00 00:00:00","0000-00-00 00:00:00","2017-06-22 ","946","572","25245","16885","11452.56420","8517.23895",\N,"25245",\N,"11452.56420","727 W Burnside St.","Portland","97209","727 W Burnside St.","Portland","97209"
"Import Donor 2","Import Donee 1","OR","OR","1040","6","278","279","","","0000-00-00 00:00:00","2017-06-22 17:21:41","0000-00-00 00:00:00","2017-06-22 17:21:41","2017-06-22 17:21:41","0000-00-00 00:00:00","0000-00-00 00:00:00","2017-06-22 ","1078","605","19118","12298","11926.38535","7264.01038",\N,"19118",\N,"11926.38535","727 W Burnside St.","Portland","97209","727 W Burnside St.","Portland","97209"
"Import Donor 2","Import Donee 1","OR","OR","1040","7","278","279","","","0000-00-00 00:00:00","2017-06-24 03:45:29","0000-00-00 00:00:00","2017-06-24 03:45:29","2017-06-24 03:45:29","0000-00-00 00:00:00","0000-00-00 00:00:00","2017-06-24 ","1056","781","15320","12581","11833.30647","10966.21156",\N,"15320",\N,"11833.30647","727 W Burnside St.","Portland","97209","727 W Burnside St.","Portland","97209"
"Import Donor 2","Import Donee 1","OR","OR","1040","8","278","279","","","0000-00-00 00:00:00","2017-06-24 04:20:24","0000-00-00 00:00:00","2017-06-24 04:20:24","2017-06-24 04:20:24","0000-00-00 00:00:00","0000-00-00 00:00:00","2017-06-24 ","880","693","13211","11528","11164.37509","10094.55018",\N,"13211",\N,"11164.37509","727 W Burnside St.","Portland","97209","727 W Burnside St.","Portland","97209"
"Import Donor 2","Import Donee 1","OR","OR","1040","9","278","279","","","0000-00-00 00:00:00","2017-06-24 18:08:50","0000-00-00 00:00:00","2017-06-24 18:08:50","2017-06-24 18:08:50","0000-00-00 00:00:00","0000-00-00 00:00:00","2017-06-24 ","936","727","20585","18185","12023.11368","7497.93663",\N,"20585",\N,"12023.11368","727 W Burnside St.","Portland","97209","727 W Burnside St.","Portland","97209"
"Import Donor 1","Import Donee 1","OR","OR","1040","10","277","279","","","0000-00-00 00:00:00","2017-06-24 18:43:30","0000-00-00 00:00:00","2017-06-24 18:43:30","2017-06-24 18:43:30","0000-00-00 00:00:00","0000-00-00 00:00:00","2017-06-24 ","2316","1654","43884","35794","25257.16572","22404.91008",\N,"43884",\N,"25257.16572","727 W Burnside St.","Portland","97209","727 W Burnside St.","Portland","97209"
"Import Donor 1","Import Donee 1","OR","OR","1040","11","277","279","","","0000-00-00 00:00:00","2017-06-24 20:15:28","0000-00-00 00:00:00","2017-06-24 20:15:28","2017-06-24 20:15:28","0000-00-00 00:00:00","0000-00-00 00:00:00","2017-06-24 ","1848","1536","40147","36127","22731.97082","20336.85842",\N,"40147",\N,"22731.97082","727 W Burnside St.","Portland","97209","727 W Burnside St.","Portland","97209"
"Import Donor 1","Import Donee 1","OR","OR","1040","12","277","279","","","0000-00-00 00:00:00","2017-06-24 21:15:05","0000-00-00 00:00:00","2017-06-24 21:15:05","2017-06-24 21:15:05","0000-00-00 00:00:00","0000-00-00 00:00:00","2017-06-24 ","1728","1313","35673","29796","23196.58902","18928.94955",\N,"35673",\N,"23196.58902","727 W Burnside St.","Portland","97209","727 W Burnside St.","Portland","97209"
"Import Donor 2","Import Donee 1","OR","OR","1040","13","278","279","","","0000-00-00 00:00:00","2017-06-24 23:51:58","0000-00-00 00:00:00","2017-06-24 23:51:58","2017-06-24 23:51:58","0000-00-00 00:00:00","0000-00-00 00:00:00","2017-06-24 ","960","629","17477","14075","7556.35027","2695.56985",\N,"17477",\N,"7556.35027","727 W Burnside St.","Portland","97209","727 W Burnside St.","Portland","97209"
"Import Donor 1","Import Donee 1","OR","OR","1040","14","277","279","","","0000-00-00 00:00:00","2017-06-25 19:34:27","0000-00-00 00:00:00","2017-06-25 19:34:27","2017-06-25 19:34:27","0000-00-00 00:00:00","0000-00-00 00:00:00","2017-06-25 ","1896","1426","35292","29329","13910.72184","9771.99976",\N,"35292",\N,"13910.72184","727 W Burnside St.","Portland","97209","727 W Burnside St.","Portland","97209"
"Import Donor 2","Import Donee 1","OR","OR","1040","15","278","279","","","0000-00-00 00:00:00","2017-06-25 20:29:35","0000-00-00 00:00:00","2017-06-25 20:29:35","2017-06-25 20:29:35","0000-00-00 00:00:00","0000-00-00 00:00:00","2017-06-25 ","816","612","12012","9792","13554.03372","12987.01644",\N,"12012",\N,"13554.03372","727 W Burnside St.","Portland","97209","727 W Burnside St.","Portland","97209"
"Import Donor 2","Import Donee 1","OR","OR","1040","16","278","279","","","0000-00-00 00:00:00","2017-06-25 21:06:38","0000-00-00 00:00:00","2017-06-25 21:06:38","2017-06-25 21:06:38","0000-00-00 00:00:00","0000-00-00 00:00:00","2017-06-25 ","876","648","15804","13512","6974.77284","5742.44472",\N,"15804",\N,"6974.77284","727 W Burnside St.","Portland","97209","727 W Burnside St.","Portland","97209"
"Import Donor 1","Import Donee 1","OR","OR","1040","17","277","279","","","0000-00-00 00:00:00","2017-06-25 21:34:13","0000-00-00 00:00:00","2017-06-25 21:34:13","2017-06-25 21:34:13","0000-00-00 00:00:00","0000-00-00 00:00:00","2017-06-25 ","1752","1284","39924","35220","29558.29452","11287.30404",\N,"39924",\N,"29558.29452","727 W Burnside St.","Portland","97209","727 W Burnside St.","Portland","97209"
"Import Donor 2","Import Donee 1","OR","OR","1040","18","278","279","","","0000-00-00 00:00:00","2017-06-26 14:28:32","0000-00-00 00:00:00","2017-06-26 14:28:32","2017-06-26 14:28:32","0000-00-00 00:00:00","0000-00-00 00:00:00","2017-06-26 ","1056","588","16596","12192","56089.14732","50826.14220",\N,"16596",\N,"56089.14732","727 W Burnside St.","Portland","97209","727 W Burnside St.","Portland","97209"
"Import Donor 2","Import Donee 1","OR","OR","1040","19","278","279","","","0000-00-00 00:00:00","2017-06-26 15:44:55","0000-00-00 00:00:00","2017-06-26 15:44:55","2017-06-26 15:44:55","0000-00-00 00:00:00","0000-00-00 00:00:00","2017-06-26 ","2280","1476","46550","34502","19342.54509","6315.36213",\N,"46550",\N,"19342.54509","727 W Burnside St.","Portland","97209","727 W Burnside St.","Portland","97209"
"Import Donor 1","Import Donee 1","OR","OR","1040","20","277","279","","","0000-00-00 00:00:00","2017-06-26 19:38:13","0000-00-00 00:00:00","2017-06-26 19:38:13","2017-06-26 19:38:13","0000-00-00 00:00:00","0000-00-00 00:00:00","2017-06-26 ","2028","1589","44879","39250","24006.82419","21252.72376",\N,"44879",\N,"24006.82419","727 W Burnside St.","Portland","97209","727 W Burnside St.","Portland","97209"
"Import Donor 2","Import Donee 1","OR","OR","1040","21","278","279","","","0000-00-00 00:00:00","2017-06-27 13:37:01","0000-00-00 00:00:00","2017-06-27 13:37:01","2017-06-27 13:37:01","0000-00-00 00:00:00","0000-00-00 00:00:00","2017-06-27 ","828","828","20829","20829","5640.61539","5640.61539",\N,"20829",\N,"5640.61539","727 W Burnside St.","Portland","97209","727 W Burnside St.","Portland","97209"
"Import Donor 1","Import Donee 1","OR","OR","1040","22","277","279","","","0000-00-00 00:00:00","2017-06-27 13:59:43","0000-00-00 00:00:00","2017-06-27 13:59:43","2017-06-27 13:59:43","0000-00-00 00:00:00","0000-00-00 00:00:00","2017-06-27 ","1860","1498","39696","36178","26410.84812","20241.38100",\N,"39696",\N,"26410.84812","727 W Burnside St.","Portland","97209","727 W Burnside St.","Portland","97209"
"Import Donor 2","Import Donee 1","OR","OR","1040","23","278","279","","","0000-00-00 00:00:00","2017-06-27 15:21:54","0000-00-00 00:00:00","2017-06-27 15:21:54","2017-06-27 15:21:54","0000-00-00 00:00:00","0000-00-00 00:00:00","2017-06-27 ","1086","657","22670","15991","12349.19482","6366.47530",\N,"22670",\N,"12349.19482","727 W Burnside St.","Portland","97209","727 W Burnside St.","Portland","97209"
"Import Donor 2","Import Donee 1","OR","OR","1040","24","278","279","","","0000-00-00 00:00:00","2017-06-27 18:12:19","0000-00-00 00:00:00","2017-06-27 18:12:19","2017-06-27 18:12:19","0000-00-00 00:00:00","0000-00-00 00:00:00","2017-06-27 ","1111","924","19852","18477","5349.76077","4848.65280",\N,"19852",\N,"5349.76077","727 W Burnside St.","Portland","97209","727 W Burnside St.","Portland","97209"
"Import Donor 2","Import Donee 1","OR","OR","1040","25","278","279","","","0000-00-00 00:00:00","2017-06-27 19:18:47","0000-00-00 00:00:00","2017-06-27 19:18:47","2017-06-27 19:18:47","0000-00-00 00:00:00","0000-00-00 00:00:00","2017-06-27 ","891","770","23639","22220","10372.91816","9855.45022",\N,"23639",\N,"10372.91816","727 W Burnside St.","Portland","97209","727 W Burnside St.","Portland","97209"
"Import Donor 2","Import Donee 1","OR","OR","1040","26","278","279","","","0000-00-00 00:00:00","2017-06-27 20:15:48","0000-00-00 00:00:00","2017-06-27 20:15:48","2017-06-27 20:15:48","0000-00-00 00:00:00","0000-00-00 00:00:00","2017-06-27 ","1001","891","26675","19866","7038.91474","5526.94758",\N,"26675",\N,"7038.91474","727 W Burnside St.","Portland","97209","727 W Burnside St.","Portland","97209"
"Import Donor 2","Import Donee 1","OR","OR","1040","27","278","279","","","0000-00-00 00:00:00","2017-06-27 21:13:32","0000-00-00 00:00:00","2017-06-27 21:13:32","2017-06-27 21:13:32","0000-00-00 00:00:00","0000-00-00 00:00:00","2017-06-27 ","1001","686","16085","13814","11851.42266","9738.25809",\N,"16085",\N,"11851.42266","727 W Burnside St.","Portland","97209","727 W Burnside St.","Portland","97209"
"Import Donor 2","Import Donee 1","OR","OR","1040","28","278","279","","","0000-00-00 00:00:00","2017-06-28 15:37:27","0000-00-00 00:00:00","2017-06-28 15:37:27","2017-06-28 15:37:27","0000-00-00 00:00:00","0000-00-00 00:00:00","2017-06-28 ","1210","957","21510","19453","15754.75206","15092.40752",\N,"21510",\N,"15754.75206","727 W Burnside St.","Portland","97209","727 W Burnside St.","Portland","97209"
"Import Donor 2","Import Donee 1","OR","OR","1040","29","278","279","","","0000-00-00 00:00:00","2017-06-28 19:26:38","0000-00-00 00:00:00","2017-06-28 19:26:38","2017-06-28 19:26:38","0000-00-00 00:00:00","0000-00-00 00:00:00","2017-06-28 ","957","781","20196","17875","10963.23811","5429.58372",\N,"20196",\N,"10963.23811","727 W Burnside St.","Portland","97209","727 W Burnside St.","Portland","97209"
"Import Donor 2","Import Donee 1","OR","OR","1040","30","278","279","","","0000-00-00 00:00:00","2017-06-29 14:22:14","0000-00-00 00:00:00","2017-06-29 14:22:14","2017-06-29 14:22:14","0000-00-00 00:00:00","0000-00-00 00:00:00","2017-06-29 ","1067","759","18469","16291","5712.44630","3399.67122",\N,"18469",\N,"5712.44630","727 W Burnside St.","Portland","97209","727 W Burnside St.","Portland","97209"
"Import Donor 1","Import Donee 1","OR","OR","1040","31","277","279","","","0000-00-00 00:00:00","2017-06-29 20:38:28","0000-00-00 00:00:00","2017-06-29 20:38:28","2017-06-29 20:38:28","0000-00-00 00:00:00","0000-00-00 00:00:00","2017-06-29 ","1023","869","25333","23815","7090.49407","6684.78063",\N,"25333",\N,"7090.49407","727 W Burnside St.","Portland","97209","727 W Burnside St.","Portland","97209"
"Import Donor 1","Import Donee 1","OR","OR","1040","32","277","279","","","0000-00-00 00:00:00","2017-06-30 14:04:12","0000-00-00 00:00:00","2017-06-30 14:04:12","2017-06-30 14:04:12","0000-00-00 00:00:00","0000-00-00 00:00:00","2017-06-30 ","803","649","24662","18403","11059.90589","5450.66291",\N,"24662",\N,"11059.90589","727 W Burnside St.","Portland","97209","727 W Burnside St.","Portland","97209"
"Import Donor 1","Import Donee 1","OR","OR","1040","33","277","279","","","0000-00-00 00:00:00","2017-06-30 14:35:55","0000-00-00 00:00:00","2017-06-30 14:35:55","2017-06-30 14:35:55","0000-00-00 00:00:00","0000-00-00 00:00:00","2017-06-30 ","1694","1364","35849","31262","15918.96746","12391.26592",\N,"35849",\N,"15918.96746","727 W Burnside St.","Portland","97209","727 W Burnside St.","Portland","97209"
"Import Donor 2","Import Donee 1","OR","OR","1040","34","278","279","","","0000-00-00 00:00:00","2017-06-30 15:40:39","0000-00-00 00:00:00","2017-06-30 15:40:39","2017-06-30 15:40:39","0000-00-00 00:00:00","0000-00-00 00:00:00","2017-06-30 ","1045","807","26398","22939","12916.92003","10842.98561",\N,"26398",\N,"12916.92003","727 W Burnside St.","Portland","97209","727 W Burnside St.","Portland","97209"
"Import Donor 2","Import Donee 1","OR","OR","1040","35","278","279","","","0000-00-00 00:00:00","2017-06-30 17:35:22","0000-00-00 00:00:00","2017-06-30 17:35:22","2017-06-30 17:35:22","0000-00-00 00:00:00","0000-00-00 00:00:00","2017-06-30 ","935","649","19503","15554","17857.15635","6121.39649",\N,"19503",\N,"17857.15635","727 W Burnside St.","Portland","97209","727 W Burnside St.","Portland","97209"
"Import Donor 1","Import Donee 1","OR","OR","1040","36","277","279","","","0000-00-00 00:00:00","2017-06-30 18:17:45","0000-00-00 00:00:00","2017-06-30 18:17:45","2017-06-30 18:17:45","0000-00-00 00:00:00","0000-00-00 00:00:00","2017-06-30 ","1694","1317","43600","37350","24203.11976","15529.57868",\N,"43600",\N,"24203.11976","727 W Burnside St.","Portland","97209","727 W Burnside St.","Portland","97209"
"Import Donor 2","Import Donee 1","OR","OR","1040","37","278","279","","","0000-00-00 00:00:00","2017-06-30 19:43:40","0000-00-00 00:00:00","2017-06-30 19:43:40","2017-06-30 19:43:40","0000-00-00 00:00:00","0000-00-00 00:00:00","2017-06-30 ","1242","908","30154","22922","11489.77716","10103.88281",\N,"30154",\N,"11489.77716","727 W Burnside St.","Portland","97209","727 W Burnside St.","Portland","97209"
"Import Donor 2","Import Donee 1","OR","OR","1040","38","278","279","","","0000-00-00 00:00:00","2017-08-16 15:24:44","0000-00-00 00:00:00","2017-08-16 15:24:44","2017-08-16 15:24:44","0000-00-00 00:00:00","0000-00-00 00:00:00","2017-08-16 ","606","506","13372","12322","1930.82230","1508.23648",\N,"13372",\N,"1930.82230","727 W Burnside St.","Portland","97209","727 W Burnside St.","Portland","97209"
"Import Donor 2","Import Donee 1","OR","OR","1040","39","278","279","","","0000-00-00 00:00:00","2017-08-16 16:06:17","0000-00-00 00:00:00","2017-08-16 16:06:17","2017-08-16 16:06:17","0000-00-00 00:00:00","0000-00-00 00:00:00","2017-08-16 ","790","570","13420","11340","1960.41350","1507.99800",\N,"13420",\N,"1960.41350","727 W Burnside St.","Portland","97209","727 W Burnside St.","Portland","97209"
"Import Donor 2","Import Donee 1","OR","OR","1040","40","278","279","","","0000-00-00 00:00:00","2017-08-16 16:38:56","0000-00-00 00:00:00","2017-08-16 16:38:56","2017-08-16 16:38:56","0000-00-00 00:00:00","0000-00-00 00:00:00","2017-08-16 ","850","640","16730","14340","6086.20500","3195.18940",\N,"16730",\N,"6086.20500","727 W Burnside St.","Portland","97209","727 W Burnside St.","Portland","97209"
"Import Donor 2","Import Donee 1","OR","OR","1040","41","278","279","","","0000-00-00 00:00:00","2017-08-16 17:18:30","0000-00-00 00:00:00","2017-08-16 17:18:30","2017-08-16 17:18:30","0000-00-00 00:00:00","0000-00-00 00:00:00","2017-08-16 ","804","664","14512","12452","6983.38720","5410.43620",\N,"14512",\N,"6983.38720","727 W Burnside St.","Portland","97209","727 W Burnside St.","Portland","97209"
"Import Donor 2","Import Donee 1","OR","OR","1040","42","278","279","","","0000-00-00 00:00:00","2017-07-03 14:05:29","0000-00-00 00:00:00","2017-07-03 14:05:29","2017-07-03 14:05:29","0000-00-00 00:00:00","0000-00-00 00:00:00","2017-07-03 ","567","364","11165","8498","4008.03347","2863.12348",\N,"11165",\N,"4008.03347","727 W Burnside St.","Portland","97209","727 W Burnside St.","Portland","97209"
"Import Donor 1","Import Donee 1","OR","OR","1040","43","277","279","","","0000-00-00 00:00:00","2017-07-03 14:41:29","0000-00-00 00:00:00","2017-07-03 14:41:29","2017-07-03 14:41:29","0000-00-00 00:00:00","0000-00-00 00:00:00","2017-07-03 ","798","686","21490","18543","9370.25425","5928.76564",\N,"21490",\N,"9370.25425","727 W Burnside St.","Portland","97209","727 W Burnside St.","Portland","97209"
"Import Donor 2","Import Donee 1","OR","OR","1040","44","278","279","","","0000-00-00 00:00:00","2017-07-03 15:45:00","0000-00-00 00:00:00","2017-07-03 15:45:00","2017-07-03 15:45:00","0000-00-00 00:00:00","0000-00-00 00:00:00","2017-07-03 ","812","672","15274","13209","5807.96048","3075.13248",\N,"15274",\N,"5807.96048","727 W Burnside St.","Portland","97209","727 W Burnside St.","Portland","97209"
"Import Donor 2","Import Donee 1","OR","OR","1040","45","278","279","","","0000-00-00 00:00:00","2017-07-03 16:28:36","0000-00-00 00:00:00","2017-07-03 16:28:36","2017-07-03 16:28:36","0000-00-00 00:00:00","0000-00-00 00:00:00","2017-07-03 ","539","434","16870","15617","6130.58082","5643.30088",\N,"16870",\N,"6130.58082","727 W Burnside St.","Portland","97209","727 W Burnside St.","Portland","97209"
"Import Donor 2","Import Donee 1","OR","OR","1040","46","278","279","","","0000-00-00 00:00:00","2017-07-03 17:26:34","0000-00-00 00:00:00","2017-07-03 17:26:34","2017-07-03 17:26:34","0000-00-00 00:00:00","0000-00-00 00:00:00","2017-07-03 ","525","364","9072","7119","34482.93142","31760.66880",\N,"9072",\N,"34482.93142","727 W Burnside St.","Portland","97209","727 W Burnside St.","Portland","97209"
"Import Donor 2","Import Donee 1","OR","OR","1040","47","278","279","","","0000-00-00 00:00:00","2017-07-03 19:01:38","0000-00-00 00:00:00","2017-07-03 19:01:38","2017-07-03 19:01:38","0000-00-00 00:00:00","0000-00-00 00:00:00","2017-07-03 ","616","441","9807","8659","7374.44477","7092.99542",\N,"9807",\N,"7374.44477","727 W Burnside St.","Portland","97209","727 W Burnside St.","Portland","97209"
"Import Donor 1","Import Donee 1","OR","OR","1040","48","277","279","","","0000-00-00 00:00:00","2017-07-03 19:40:18","0000-00-00 00:00:00","2017-07-03 19:40:18","2017-07-03 19:40:18","0000-00-00 00:00:00","0000-00-00 00:00:00","2017-07-03 ","1512","1134","35273","27251","22888.85452","19276.43795",\N,"35273",\N,"22888.85452","727 W Burnside St.","Portland","97209","727 W Burnside St.","Portland","97209"
"Import Donor 2","Import Donee 1","OR","OR","1040","49","278","279","","","0000-00-00 00:00:00","2017-07-03 21:20:57","0000-00-00 00:00:00","2017-07-03 21:20:57","2017-07-03 21:20:57","0000-00-00 00:00:00","0000-00-00 00:00:00","2017-07-03 ","406","315","10773","9632","6389.94895","5170.22436",\N,"10773",\N,"6389.94895","727 W Burnside St.","Portland","97209","727 W Burnside St.","Portland","97209"
"Import Donor 2","Import Donee 1","OR","OR","1040","50","278","279","","","0000-00-00 00:00:00","2017-07-05 14:05:48","0000-00-00 00:00:00","2017-07-05 14:05:48","2017-07-05 14:05:48","0000-00-00 00:00:00","0000-00-00 00:00:00","2017-07-05 ","210","112","2730","2408","1654.32729","1620.10863",\N,"2730",\N,"1654.32729","727 W Burnside St.","Portland","97209","727 W Burnside St.","Portland","97209"
"Import Donor 2","Import Donee 1","OR","OR","1040","51","278","279","","","0000-00-00 00:00:00","2017-07-07 21:01:16","0000-00-00 00:00:00","2017-07-07 21:01:16","2017-07-07 21:01:16","0000-00-00 00:00:00","0000-00-00 00:00:00","2017-07-07 ","889","672","16968","14623","6635.75185","4337.44619",\N,"16968",\N,"6635.75185","727 W Burnside St.","Portland","97209","727 W Burnside St.","Portland","97209"
"Import Donor 2","Import Donee 1","OR","OR","1040","52","278","279","","","0000-00-00 00:00:00","2017-07-10 14:07:47","0000-00-00 00:00:00","2017-07-10 14:07:47","2017-07-10 14:07:47","0000-00-00 00:00:00","0000-00-00 00:00:00","2017-07-10 ","420","280","8813","6769","2153.57744","641.08394",\N,"8813",\N,"2153.57744","727 W Burnside St.","Portland","97209","727 W Burnside St.","Portland","97209"
"Import Donor 1","Import Donee 1","OR","OR","1040","53","277","279","","","0000-00-00 00:00:00","2017-07-10 14:37:08","0000-00-00 00:00:00","2017-07-10 14:37:08","2017-07-10 14:37:08","0000-00-00 00:00:00","0000-00-00 00:00:00","2017-07-10 ","1246","854","22386","16289","14328.76151","12456.53997",\N,"22386",\N,"14328.76151","727 W Burnside St.","Portland","97209","727 W Burnside St.","Portland","97209"
"Import Donor 1","Import Donee 1","OR","OR","1040","54","277","279","","","0000-00-00 00:00:00","2017-07-10 16:05:21","0000-00-00 00:00:00","2017-07-10 16:05:21","2017-07-10 16:05:21","0000-00-00 00:00:00","0000-00-00 00:00:00","2017-07-10 ","1330","903","40523","34335","17241.86114","13909.88319",\N,"40523",\N,"17241.86114","727 W Burnside St.","Portland","97209","727 W Burnside St.","Portland","97209"
"Import Donor 1","Import Donee 1","OR","OR","1040","55","277","279","","","0000-00-00 00:00:00","2017-07-10 17:24:41","0000-00-00 00:00:00","2017-07-10 17:24:41","2017-07-10 17:24:41","0000-00-00 00:00:00","0000-00-00 00:00:00","2017-07-10 ","1190","812","24976","18970","19137.31631","14308.38696",\N,"24976",\N,"19137.31631","727 W Burnside St.","Portland","97209","727 W Burnside St.","Portland","97209"
"Import Donor 1","Import Donee 1","OR","OR","1040","56","277","279","","","0000-00-00 00:00:00","2017-07-10 19:16:29","0000-00-00 00:00:00","2017-07-10 19:16:29","2017-07-10 19:16:29","0000-00-00 00:00:00","0000-00-00 00:00:00","2017-07-10 ","1596","1106","31115","24122","13840.25160","11059.58476",\N,"31115",\N,"13840.25160","727 W Burnside St.","Portland","97209","727 W Burnside St.","Portland","97209"
"Import Donor 1","Import Donee 1","OR","OR","1040","57","277","279","","","0000-00-00 00:00:00","2017-07-10 20:56:43","0000-00-00 00:00:00","2017-07-10 20:56:43","2017-07-10 20:56:43","0000-00-00 00:00:00","0000-00-00 00:00:00","2017-07-10 ","735","581","18165","15673","14423.68249","12397.70553",\N,"18165",\N,"14423.68249","727 W Burnside St.","Portland","97209","727 W Burnside St.","Portland","97209"
"Import Donor 1","Import Donee 1","OR","OR","1040","58","277","279","","","0000-00-00 00:00:00","2017-07-11 14:05:22","0000-00-00 00:00:00","2017-07-11 14:05:22","2017-07-11 14:05:22","0000-00-00 00:00:00","0000-00-00 00:00:00","2017-07-11 ","252","210","8351","8022","7524.17701","7082.84367",\N,"8351",\N,"7524.17701","727 W Burnside St.","Portland","97209","727 W Burnside St.","Portland","97209"
"Import Donor 1","Import Donee 1","OR","OR","1040","59","277","279","","","0000-00-00 00:00:00","2017-07-11 15:31:39","0000-00-00 00:00:00","2017-07-11 15:31:39","2017-07-11 15:31:39","0000-00-00 00:00:00","0000-00-00 00:00:00","2017-07-11 ","1218","903","24773","20328","14700.95382","13064.36614",\N,"24773",\N,"14700.95382","727 W Burnside St.","Portland","97209","727 W Burnside St.","Portland","97209"
"Import Donor 1","Import Donee 1","OR","OR","1040","60","277","279","","","0000-00-00 00:00:00","2017-07-11 16:44:37","0000-00-00 00:00:00","2017-07-11 16:44:37","2017-07-11 16:44:37","0000-00-00 00:00:00","0000-00-00 00:00:00","2017-07-11 ","1239","840","27503","21252","9949.11967","7312.51906",\N,"27503",\N,"9949.11967","727 W Burnside St.","Portland","97209","727 W Burnside St.","Portland","97209"
"Import Donor 1","Import Donee 1","OR","OR","1040","61","277","279","","","0000-00-00 00:00:00","2017-07-11 19:06:23","0000-00-00 00:00:00","2017-07-11 19:06:23","2017-07-11 19:06:23","0000-00-00 00:00:00","0000-00-00 00:00:00","2017-07-11 ","49","7","287","56","111.32814","8.02368",\N,"287",\N,"111.32814","727 W Burnside St.","Portland","97209","727 W Burnside St.","Portland","97209"
"Import Donor 1","Import Donee 1","OR","OR","1040","62","277","279","","","0000-00-00 00:00:00","2017-07-11 19:10:06","0000-00-00 00:00:00","2017-07-11 19:10:06","2017-07-11 19:10:06","0000-00-00 00:00:00","0000-00-00 00:00:00","2017-07-11 ","1225","924","30793","24570","9522.97507","7090.69116",\N,"30793",\N,"9522.97507","727 W Burnside St.","Portland","97209","727 W Burnside St.","Portland","97209"
"Import Donor 2","Import Donee 1","OR","OR","1040","63","278","279","","","0000-00-00 00:00:00","2017-07-11 21:14:31","0000-00-00 00:00:00","2017-07-11 21:14:31","2017-07-11 21:14:31","0000-00-00 00:00:00","0000-00-00 00:00:00","2017-07-11 ","518","406","12740","11277","7863.70683","6295.44769",\N,"12740",\N,"7863.70683","727 W Burnside St.","Portland","97209","727 W Burnside St.","Portland","97209"
"Import Donor 2","Import Donee 1","OR","OR","1040","64","278","279","","","0000-00-00 00:00:00","2017-07-12 15:44:04","0000-00-00 00:00:00","2017-07-12 15:44:04","2017-07-12 15:44:04","0000-00-00 00:00:00","0000-00-00 00:00:00","2017-07-12 ","2905","1974","61656","47201","29745.07683","14295.00261",\N,"61656",\N,"29745.07683","727 W Burnside St.","Portland","97209","727 W Burnside St.","Portland","97209"
"Import Donor 2","Import Donee 1","OR","OR","1040","65","278","279","","","0000-00-00 00:00:00","2017-07-13 13:59:52","0000-00-00 00:00:00","2017-07-13 13:59:52","2017-07-13 13:59:52","0000-00-00 00:00:00","0000-00-00 00:00:00","2017-07-13 ","252","203","5775","4872","4994.21846","4679.33382",\N,"5775",\N,"4994.21846","727 W Burnside St.","Portland","97209","727 W Burnside St.","Portland","97209"
"Import Donor 1","Import Donee 1","OR","OR","1040","66","277","279","","","0000-00-00 00:00:00","2017-07-13 14:28:25","0000-00-00 00:00:00","2017-07-13 14:28:25","2017-07-13 14:28:25","0000-00-00 00:00:00","0000-00-00 00:00:00","2017-07-13 ","728","504","22512","18046","12201.64967","10299.11085",\N,"22512",\N,"12201.64967","727 W Burnside St.","Portland","97209","727 W Burnside St.","Portland","97209"
"Import Donor 1","Import Donee 1","OR","OR","1040","67","277","279","","","0000-00-00 00:00:00","2017-07-13 15:18:20","0000-00-00 00:00:00","2017-07-13 15:18:20","2017-07-13 15:18:20","0000-00-00 00:00:00","0000-00-00 00:00:00","2017-07-13 ","882","644","23016","17297","15769.90569","14150.35685",\N,"23016",\N,"15769.90569","727 W Burnside St.","Portland","97209","727 W Burnside St.","Portland","97209"
"Import Donor 1","Import Donee 1","OR","OR","1040","68","277","279","","","0000-00-00 00:00:00","2017-07-13 16:36:56","0000-00-00 00:00:00","2017-07-13 16:36:56","2017-07-13 16:36:56","0000-00-00 00:00:00","0000-00-00 00:00:00","2017-07-13 ","756","525","15050","9107","15488.10529","3697.63982",\N,"15050",\N,"15488.10529","727 W Burnside St.","Portland","97209","727 W Burnside St.","Portland","97209"
"Import Donor 2","Import Donee 1","OR","OR","1040","69","278","279","","","0000-00-00 00:00:00","2017-07-13 18:40:43","0000-00-00 00:00:00","2017-07-13 18:40:43","2017-07-13 18:40:43","0000-00-00 00:00:00","0000-00-00 00:00:00","2017-07-13 ","658","532","14525","12348","2221.96100","2002.60277",\N,"14525",\N,"2221.96100","727 W Burnside St.","Portland","97209","727 W Burnside St.","Portland","97209"
"Import Donor 2","Import Donee 1","OR","OR","1040","70","278","279","","","0000-00-00 00:00:00","2017-07-13 19:40:07","0000-00-00 00:00:00","2017-07-13 19:40:07","2017-07-13 19:40:07","0000-00-00 00:00:00","0000-00-00 00:00:00","2017-07-13 ","469","308","8876","6629","3000.73942","1401.53216",\N,"8876",\N,"3000.73942","727 W Burnside St.","Portland","97209","727 W Burnside St.","Portland","97209"
"Import Donor 2","Import Donee 1","OR","OR","1040","71","278","279","","","0000-00-00 00:00:00","2017-07-13 20:19:32","0000-00-00 00:00:00","2017-07-13 20:19:32","2017-07-13 20:19:32","0000-00-00 00:00:00","0000-00-00 00:00:00","2017-07-13 ","539","364","12775","10255","8675.22166","6372.11463",\N,"12775",\N,"8675.22166","727 W Burnside St.","Portland","97209","727 W Burnside St.","Portland","97209"
"Import Donor 2","Import Donee 1","OR","OR","1040","72","278","279","","","0000-00-00 00:00:00","2017-07-13 21:27:04","0000-00-00 00:00:00","2017-07-13 21:27:04","2017-07-13 21:27:04","0000-00-00 00:00:00","0000-00-00 00:00:00","2017-07-13 ","518","434","13867","12558","2007.85543","1771.22491",\N,"13867",\N,"2007.85543","727 W Burnside St.","Portland","97209","727 W Burnside St.","Portland","97209"
"Import Donor 1","Import Donee 1","OR","OR","1040","73","277","279","","","0000-00-00 00:00:00","2017-07-14 16:26:37","0000-00-00 00:00:00","2017-07-14 16:26:37","2017-07-14 16:26:37","0000-00-00 00:00:00","0000-00-00 00:00:00","2017-07-14 ","1036","728","19635","14917","11350.93120","9674.18648",\N,"19635",\N,"11350.93120","727 W Burnside St.","Portland","97209","727 W Burnside St.","Portland","97209"
"Import Donor 1","Import Donee 1","OR","OR","1040","74","277","279","","","0000-00-00 00:00:00","2017-07-14 18:26:01","0000-00-00 00:00:00","2017-07-14 18:26:01","2017-07-14 18:26:01","0000-00-00 00:00:00","0000-00-00 00:00:00","2017-07-14 ","945","658","25725","20314","7278.08550","6092.61317",\N,"25725",\N,"7278.08550","727 W Burnside St.","Portland","97209","727 W Burnside St.","Portland","97209"
"Import Donor 2","Import Donee 1","OR","OR","1040","75","278","279","","","0000-00-00 00:00:00","2017-07-14 19:58:07","0000-00-00 00:00:00","2017-07-14 19:58:07","2017-07-14 19:58:07","0000-00-00 00:00:00","0000-00-00 00:00:00","2017-07-14 ","1113","910","28819","25459","10778.07423","5841.52814",\N,"28819",\N,"10778.07423","727 W Burnside St.","Portland","97209","727 W Burnside St.","Portland","97209"
"Import Donor 1","Import Donee 1","OR","OR","1040","76","277","279","","","0000-00-00 00:00:00","2017-07-17 14:48:16","0000-00-00 00:00:00","2017-07-17 14:48:16","2017-07-17 14:48:16","0000-00-00 00:00:00","0000-00-00 00:00:00","2017-07-17 ","1057","756","25662","20391","10452.59054","5723.99310",\N,"25662",\N,"10452.59054","727 W Burnside St.","Portland","97209","727 W Burnside St.","Portland","97209"
"Import Donor 1","Import Donee 1","OR","OR","1040","77","277","279","","","0000-00-00 00:00:00","2017-07-17 16:39:24","0000-00-00 00:00:00","2017-07-17 16:39:24","2017-07-17 16:39:24","0000-00-00 00:00:00","0000-00-00 00:00:00","2017-07-17 ","1302","952","31885","24815","13704.75603","9821.80066",\N,"31885",\N,"13704.75603","727 W Burnside St.","Portland","97209","727 W Burnside St.","Portland","97209"
"Import Donor 2","Import Donee 1","OR","OR","1040","78","278","279","","","0000-00-00 00:00:00","2017-07-17 19:24:15","0000-00-00 00:00:00","2017-07-17 19:24:15","2017-07-17 19:24:15","0000-00-00 00:00:00","0000-00-00 00:00:00","2017-07-17 ","427","301","9548","7504","2954.30324","2049.89876",\N,"9548",\N,"2954.30324","727 W Burnside St.","Portland","97209","727 W Burnside St.","Portland","97209"
"Import Donor 2","Import Donee 1","OR","OR","1040","79","278","279","","","0000-00-00 00:00:00","2017-07-17 20:09:15","0000-00-00 00:00:00","2017-07-17 20:09:15","2017-07-17 20:09:15","0000-00-00 00:00:00","0000-00-00 00:00:00","2017-07-17 ","728","532","12320","9289","21357.70238","19927.51859",\N,"12320",\N,"21357.70238","727 W Burnside St.","Portland","97209","727 W Burnside St.","Portland","97209"
"Import Donor 1","Import Donee 1","OR","OR","1040","80","277","279","","","0000-00-00 00:00:00","2017-07-21 18:45:09","0000-00-00 00:00:00","2017-07-21 18:45:09","2017-07-21 18:45:09","0000-00-00 00:00:00","0000-00-00 00:00:00","2017-07-21 ","1204","952","26481","22505","21158.08800","19501.03029",\N,"26481",\N,"21158.08800","727 W Burnside St.","Portland","97209","727 W Burnside St.","Portland","97209"
"Import Donor 1","Import Donee 1","OR","OR","1040","81","277","279","","","0000-00-00 00:00:00","2017-07-21 19:51:50","0000-00-00 00:00:00","2017-07-21 19:51:50","2017-07-21 19:51:50","0000-00-00 00:00:00","0000-00-00 00:00:00","2017-07-21 ","1232","973","25081","20797","23438.31154","19819.15719",\N,"25081",\N,"23438.31154","727 W Burnside St.","Portland","97209","727 W Burnside St.","Portland","97209"
"Import Donor 1","Import Donee 1","OR","OR","1040","82","277","279","","","0000-00-00 00:00:00","2017-07-21 21:05:54","0000-00-00 00:00:00","2017-07-21 21:05:54","2017-07-21 21:05:54","0000-00-00 00:00:00","0000-00-00 00:00:00","2017-07-21 ","896","707","18851","15820","5568.25892","4776.67071",\N,"18851",\N,"5568.25892","727 W Burnside St.","Portland","97209","727 W Burnside St.","Portland","97209"
"Import Donor 1","Import Donee 1","OR","OR","1040","83","277","279","","","0000-00-00 00:00:00","2017-07-24 14:09:42","0000-00-00 00:00:00","2017-07-24 14:09:42","2017-07-24 14:09:42","0000-00-00 00:00:00","0000-00-00 00:00:00","2017-07-24 ","315","245","7777","6097","4358.54706","3839.08553",\N,"7777",\N,"4358.54706","727 W Burnside St.","Portland","97209","727 W Burnside St.","Portland","97209"
"Import Donor 2","Import Donee 1","OR","OR","1040","84","278","279","","","0000-00-00 00:00:00","2017-07-25 16:05:57","0000-00-00 00:00:00","2017-07-25 16:05:57","2017-07-25 16:05:57","0000-00-00 00:00:00","0000-00-00 00:00:00","2017-07-25 ","602","441","12159","10465","2243.75186","1576.18524",\N,"12159",\N,"2243.75186","727 W Burnside St.","Portland","97209","727 W Burnside St.","Portland","97209"
"Import Donor 2","Import Donee 1","OR","OR","1040","85","278","279","","","0000-00-00 00:00:00","2017-07-25 18:35:18","0000-00-00 00:00:00","2017-07-25 18:35:18","2017-07-25 18:35:18","0000-00-00 00:00:00","0000-00-00 00:00:00","2017-07-25 ","623","497","13622","12138","6612.85751","4633.37910",\N,"13622",\N,"6612.85751","727 W Burnside St.","Portland","97209","727 W Burnside St.","Portland","97209"
"Import Donor 2","Import Donee 1","OR","OR","1040","86","278","279","","","0000-00-00 00:00:00","2017-07-25 19:14:18","0000-00-00 00:00:00","2017-07-25 19:14:18","2017-07-25 19:14:18","0000-00-00 00:00:00","0000-00-00 00:00:00","2017-07-25 ","574","476","12943","12523","5934.26869","5861.71740",\N,"12943",\N,"5934.26869","727 W Burnside St.","Portland","97209","727 W Burnside St.","Portland","97209"
"Import Donor 2","Import Donee 1","OR","OR","1040","87","278","279","","","0000-00-00 00:00:00","2017-07-25 19:44:20","0000-00-00 00:00:00","2017-07-25 19:44:20","2017-07-25 19:44:20","0000-00-00 00:00:00","0000-00-00 00:00:00","2017-07-25 ","609","427","11508","8407","6552.10038","3427.88131",\N,"11508",\N,"6552.10038","727 W Burnside St.","Portland","97209","727 W Burnside St.","Portland","97209"
"Import Donor 1","Import Donee 1","OR","OR","1040","88","277","279","","","0000-00-00 00:00:00","2017-07-25 20:24:58","0000-00-00 00:00:00","2017-07-25 20:24:58","2017-07-25 20:24:58","0000-00-00 00:00:00","0000-00-00 00:00:00","2017-07-25 ","1309","1036","27951","23436","14658.34125","13509.40185",\N,"27951",\N,"14658.34125","727 W Burnside St.","Portland","97209","727 W Burnside St.","Portland","97209"
"Import Donor 1","Import Donee 1","OR","OR","1040","89","277","279","","","0000-00-00 00:00:00","2017-07-26 15:14:52","0000-00-00 00:00:00","2017-07-26 15:14:52","2017-07-26 15:14:52","0000-00-00 00:00:00","0000-00-00 00:00:00","2017-07-26 ","1295","1015","28329","24703","11459.63875","9626.90288",\N,"28329",\N,"11459.63875","727 W Burnside St.","Portland","97209","727 W Burnside St.","Portland","97209"
"Import Donor 2","Import Donee 1","OR","OR","1040","90","278","279","","","0000-00-00 00:00:00","2017-07-26 18:28:12","0000-00-00 00:00:00","2017-07-26 18:28:12","2017-07-26 18:28:12","0000-00-00 00:00:00","0000-00-00 00:00:00","2017-07-26 ","665","504","15393","12376","10687.33414","8588.39842",\N,"15393",\N,"10687.33414","727 W Burnside St.","Portland","97209","727 W Burnside St.","Portland","97209"
"Import Donor 2","Import Donee 1","OR","OR","1040","91","278","279","","","0000-00-00 00:00:00","2017-07-26 19:02:47","0000-00-00 00:00:00","2017-07-26 19:02:47","2017-07-26 19:02:47","0000-00-00 00:00:00","0000-00-00 00:00:00","2017-07-26 ","469","336","7525","6055","11005.00380","9278.33529",\N,"7525",\N,"11005.00380","727 W Burnside St.","Portland","97209","727 W Burnside St.","Portland","97209"
"Import Donor 2","Import Donee 1","OR","OR","1040","92","278","279","","","0000-00-00 00:00:00","2017-07-26 19:35:39","0000-00-00 00:00:00","2017-07-26 19:35:39","2017-07-26 19:35:39","0000-00-00 00:00:00","0000-00-00 00:00:00","2017-07-26 ","658","546","16219","14875","4067.06580","2123.45280",\N,"16219",\N,"4067.06580","727 W Burnside St.","Portland","97209","727 W Burnside St.","Portland","97209"
"Import Donor 1","Import Donee 1","OR","OR","1040","93","277","279","","","0000-00-00 00:00:00","2017-07-27 17:44:56","0000-00-00 00:00:00","2017-07-27 17:44:56","2017-07-27 17:44:56","0000-00-00 00:00:00","0000-00-00 00:00:00","2017-07-27 ","990","834","23514","20334","14650.24614","13698.72018",\N,"23514",\N,"14650.24614","727 W Burnside St.","Portland","97209","727 W Burnside St.","Portland","97209"
"Import Donor 2","Import Donee 1","OR","OR","1040","94","278","279","","","0000-00-00 00:00:00","2017-07-27 19:56:48","0000-00-00 00:00:00","2017-07-27 19:56:48","2017-07-27 19:56:48","0000-00-00 00:00:00","0000-00-00 00:00:00","2017-07-27 ","516","396","12474","11226","5121.71262","4574.14290",\N,"12474",\N,"5121.71262","727 W Burnside St.","Portland","97209","727 W Burnside St.","Portland","97209"
"Import Donor 2","Import Donee 1","OR","OR","1040","95","278","279","","","0000-00-00 00:00:00","2017-07-27 20:45:39","0000-00-00 00:00:00","2017-07-27 20:45:39","2017-07-27 20:45:39","0000-00-00 00:00:00","0000-00-00 00:00:00","2017-07-27 ","396","348","9678","9102","1377.38472","1278.12426",\N,"9678",\N,"1377.38472","727 W Burnside St.","Portland","97209","727 W Burnside St.","Portland","97209"
"Import Donor 2","Import Donee 1","OR","OR","1040","96","278","279","","","0000-00-00 00:00:00","2017-07-27 21:09:15","0000-00-00 00:00:00","2017-07-27 21:09:15","2017-07-27 21:09:15","0000-00-00 00:00:00","0000-00-00 00:00:00","2017-07-27 ","474","318","8814","7182","3096.28740","1820.08854",\N,"8814",\N,"3096.28740","727 W Burnside St.","Portland","97209","727 W Burnside St.","Portland","97209"
"Import Donor 2","Import Donee 1","OR","OR","1040","97","278","279","","","0000-00-00 00:00:00","2017-07-31 14:54:21","0000-00-00 00:00:00","2017-07-31 14:54:21","2017-07-31 14:54:21","0000-00-00 00:00:00","0000-00-00 00:00:00","2017-07-31 ","462","390","11352","10212","3991.99356","3120.68238",\N,"11352",\N,"3991.99356","727 W Burnside St.","Portland","97209","727 W Burnside St.","Portland","97209"
"Import Donor 2","Import Donee 1","OR","OR","1040","98","278","279","","","0000-00-00 00:00:00","2017-07-31 15:29:09","0000-00-00 00:00:00","2017-07-31 15:29:09","2017-07-31 15:29:09","0000-00-00 00:00:00","0000-00-00 00:00:00","2017-07-31 ","660","534","15564","13362","2487.39936","1930.41660",\N,"15564",\N,"2487.39936","727 W Burnside St.","Portland","97209","727 W Burnside St.","Portland","97209"
"Import Donor 1","Import Donee 1","OR","OR","1040","99","277","279","","","0000-00-00 00:00:00","2017-07-31 16:16:03","0000-00-00 00:00:00","2017-07-31 16:16:03","2017-07-31 16:16:03","0000-00-00 00:00:00","0000-00-00 00:00:00","2017-07-31 ","1062","888","28374","24084","18596.31108","12184.77492",\N,"28374",\N,"18596.31108","727 W Burnside St.","Portland","97209","727 W Burnside St.","Portland","97209"
"Import Donor 1","Import Donee 1","OR","OR","1040","100","277","279","","","0000-00-00 00:00:00","2017-07-31 17:29:52","0000-00-00 00:00:00","2017-07-31 17:29:52","2017-07-31 17:29:52","0000-00-00 00:00:00","0000-00-00 00:00:00","2017-07-31 ","1038","828","23106","19716","14592.91776","12045.00726",\N,"23106",\N,"14592.91776","727 W Burnside St.","Portland","97209","727 W Burnside St.","Portland","97209"
"Import Donor 1","Import Donee 1","OR","OR","1040","101","277","279","","","0000-00-00 00:00:00","2017-08-03 15:34:33","0000-00-00 00:00:00","2017-08-03 15:34:33","2017-08-03 15:34:33","0000-00-00 00:00:00","0000-00-00 00:00:00","2017-08-03 ","1050","882","25182","22224","8314.62432","7097.72814",\N,"25182",\N,"8314.62432","727 W Burnside St.","Portland","97209","727 W Burnside St.","Portland","97209"
"Import Donor 1","Import Donee 1","OR","OR","1040","102","277","279","","","0000-00-00 00:00:00","2017-08-04 14:23:42","0000-00-00 00:00:00","2017-08-04 14:23:42","2017-08-04 14:23:42","0000-00-00 00:00:00","0000-00-00 00:00:00","2017-08-04 ","174","132","3108","2730","481.80972","417.74520",\N,"3108",\N,"481.80972","727 W Burnside St.","Portland","97209","727 W Burnside St.","Portland","97209"
"Import Donor 2","Import Donee 1","OR","OR","1040","103","278","279","","","0000-00-00 00:00:00","2017-08-04 14:39:05","0000-00-00 00:00:00","2017-08-04 14:39:05","2017-08-04 14:39:05","0000-00-00 00:00:00","0000-00-00 00:00:00","2017-08-04 ","438","336","10704","9336","9833.08674","7494.68784",\N,"10704",\N,"9833.08674","727 W Burnside St.","Portland","97209","727 W Burnside St.","Portland","97209"
"Import Donor 2","Import Donee 1","OR","OR","1040","104","278","279","","","0000-00-00 00:00:00","2017-08-04 16:18:00","0000-00-00 00:00:00","2017-08-04 16:18:00","2017-08-04 16:18:00","0000-00-00 00:00:00","0000-00-00 00:00:00","2017-08-04 ","498","378","10554","9138","9302.71740","5755.64154",\N,"10554",\N,"9302.71740","727 W Burnside St.","Portland","97209","727 W Burnside St.","Portland","97209"
"Import Donor 2","Import Donee 1","OR","OR","1040","105","278","279","","","0000-00-00 00:00:00","2017-08-04 16:53:54","0000-00-00 00:00:00","2017-08-04 16:53:54","2017-08-04 16:53:54","0000-00-00 00:00:00","0000-00-00 00:00:00","2017-08-04 ","540","336","10434","6864","3968.12604","3061.92162",\N,"10434",\N,"3968.12604","727 W Burnside St.","Portland","97209","727 W Burnside St.","Portland","97209"
"Import Donor 2","Import Donee 1","OR","OR","1040","106","278","279","","","0000-00-00 00:00:00","2017-08-04 17:22:27","0000-00-00 00:00:00","2017-08-04 17:22:27","2017-08-04 17:22:27","0000-00-00 00:00:00","0000-00-00 00:00:00","2017-08-04 ","408","228","10620","7572","4992.63612","1956.69408",\N,"10620",\N,"4992.63612","727 W Burnside St.","Portland","97209","727 W Burnside St.","Portland","97209"
"Import Donor 2","Import Donee 1","OR","OR","1040","107","278","279","","","0000-00-00 00:00:00","2017-08-04 17:55:00","0000-00-00 00:00:00","2017-08-04 17:55:00","2017-08-04 17:55:00","0000-00-00 00:00:00","0000-00-00 00:00:00","2017-08-04 ","552","378","10332","8106","3561.98034","2360.79720",\N,"10332",\N,"3561.98034","727 W Burnside St.","Portland","97209","727 W Burnside St.","Portland","97209"
"Import Donor 2","Import Donee 1","OR","OR","1040","108","278","279","","","0000-00-00 00:00:00","2017-08-04 19:30:08","0000-00-00 00:00:00","2017-08-04 19:30:08","2017-08-04 19:30:08","0000-00-00 00:00:00","0000-00-00 00:00:00","2017-08-04 ","540","486","8688","8334","3792.95976","3383.56482",\N,"8688",\N,"3792.95976","727 W Burnside St.","Portland","97209","727 W Burnside St.","Portland","97209"
"Import Donor 1","Import Donee 1","OR","OR","1040","109","277","279","","","0000-00-00 00:00:00","2017-08-04 20:58:55","0000-00-00 00:00:00","2017-08-04 20:58:55","2017-08-04 20:58:55","0000-00-00 00:00:00","0000-00-00 00:00:00","2017-08-04 ","894","648","16254","12504","4550.78916","2517.25416",\N,"16254",\N,"4550.78916","727 W Burnside St.","Portland","97209","727 W Burnside St.","Portland","97209"
"Import Donor 1","Import Donee 1","OR","OR","1040","110","277","279","","","0000-00-00 00:00:00","2017-08-07 15:13:46","0000-00-00 00:00:00","2017-08-07 15:13:46","2017-08-07 15:13:46","0000-00-00 00:00:00","0000-00-00 00:00:00","2017-08-07 ","954","834","20028","18540","7357.07748","6991.84818",\N,"20028",\N,"7357.07748","727 W Burnside St.","Portland","97209","727 W Burnside St.","Portland","97209"
"Import Donor 1","Import Donee 1","OR","OR","1040","111","277","279","","","0000-00-00 00:00:00","2017-08-07 18:12:53","0000-00-00 00:00:00","2017-08-07 18:12:53","2017-08-07 18:12:53","0000-00-00 00:00:00","0000-00-00 00:00:00","2017-08-07 ","972","666","24798","17928","9805.84956","5272.41636",\N,"24798",\N,"9805.84956","727 W Burnside St.","Portland","97209","727 W Burnside St.","Portland","97209"
"Import Donor 1","Import Donee 1","OR","OR","1040","112","277","279","","","0000-00-00 00:00:00","2017-08-07 20:48:30","0000-00-00 00:00:00","2017-08-07 20:48:30","2017-08-07 20:48:30","0000-00-00 00:00:00","0000-00-00 00:00:00","2017-08-07 ","234","210","5430","5178","1682.72262","1650.24222",\N,"5430",\N,"1682.72262","727 W Burnside St.","Portland","97209","727 W Burnside St.","Portland","97209"
"Import Donor 1","Import Donee 1","OR","OR","1040","113","277","279","","","0000-00-00 00:00:00","2017-08-07 21:47:47","0000-00-00 00:00:00","2017-08-07 21:47:47","2017-08-07 21:47:47","0000-00-00 00:00:00","0000-00-00 00:00:00","2017-08-07 ","60","48","1062","726","86.33304","52.15848",\N,"1062",\N,"86.33304","727 W Burnside St.","Portland","97209","727 W Burnside St.","Portland","97209"
"Import Donor 1","Import Donee 1","OR","OR","1040","114","277","279","","","0000-00-00 00:00:00","2017-08-08 14:07:06","0000-00-00 00:00:00","2017-08-08 14:07:06","2017-08-08 14:07:06","0000-00-00 00:00:00","0000-00-00 00:00:00","2017-08-08 ","1026","786","19674","15738","14906.99550","12791.99106",\N,"19674",\N,"14906.99550","727 W Burnside St.","Portland","97209","727 W Burnside St.","Portland","97209"
"Import Donor 1","Import Donee 1","OR","OR","1040","115","277","279","","","0000-00-00 00:00:00","2017-08-08 15:11:17","0000-00-00 00:00:00","2017-08-08 15:11:17","2017-08-08 15:11:17","0000-00-00 00:00:00","0000-00-00 00:00:00","2017-08-08 ","870","720","21756","19746","5697.12108","4927.75164",\N,"21756",\N,"5697.12108","727 W Burnside St.","Portland","97209","727 W Burnside St.","Portland","97209"
"Import Donor 1","Import Donee 1","OR","OR","1040","116","277","279","","","0000-00-00 00:00:00","2017-08-08 16:16:38","0000-00-00 00:00:00","2017-08-08 16:16:38","2017-08-08 16:16:38","0000-00-00 00:00:00","0000-00-00 00:00:00","2017-08-08 ","924","774","19080","16968","6647.91594","5854.99692",\N,"19080",\N,"6647.91594","727 W Burnside St.","Portland","97209","727 W Burnside St.","Portland","97209"
"Import Donor 2","Import Donee 1","OR","OR","1040","117","278","279","","","0000-00-00 00:00:00","2017-08-08 21:37:05","0000-00-00 00:00:00","2017-08-08 21:37:05","2017-08-08 21:37:05","0000-00-00 00:00:00","0000-00-00 00:00:00","2017-08-08 ","330","264","8016","7440","879.59004","769.93584",\N,"8016",\N,"879.59004","727 W Burnside St.","Portland","97209","727 W Burnside St.","Portland","97209"
"Import Donor 2","Import Donee 1","OR","OR","1040","118","278","279","","","0000-00-00 00:00:00","2017-08-09 14:14:24","0000-00-00 00:00:00","2017-08-09 14:14:24","2017-08-09 14:14:24","0000-00-00 00:00:00","0000-00-00 00:00:00","2017-08-09 ","108","60","2022","1752","192.73620","141.03456",\N,"2022",\N,"192.73620","727 W Burnside St.","Portland","97209","727 W Burnside St.","Portland","97209"
"Import Donor 2","Import Donee 1","OR","OR","1040","119","278","279","","","0000-00-00 00:00:00","2017-08-10 21:10:17","0000-00-00 00:00:00","2017-08-10 21:10:17","2017-08-10 21:10:17","0000-00-00 00:00:00","0000-00-00 00:00:00","2017-08-10 ","600","462","12936","10428","2024.25306","1290.76902",\N,"12936",\N,"2024.25306","727 W Burnside St.","Portland","97209","727 W Burnside St.","Portland","97209"
"Import Donor 2","Import Donee 1","OR","OR","1040","120","278","279","","","0000-00-00 00:00:00","2017-08-10 21:39:37","0000-00-00 00:00:00","2017-08-10 21:39:37","2017-08-10 21:39:37","0000-00-00 00:00:00","0000-00-00 00:00:00","2017-08-10 ","222","180","4806","4308","2641.06356","2508.14094",\N,"4806",\N,"2641.06356","727 W Burnside St.","Portland","97209","727 W Burnside St.","Portland","97209"
"Import Donor 2","Import Donee 1","OR","OR","1040","121","278","279","","","0000-00-00 00:00:00","2017-08-11 14:14:03","0000-00-00 00:00:00","2017-08-11 14:14:03","2017-08-11 14:14:03","0000-00-00 00:00:00","0000-00-00 00:00:00","2017-08-11 ","318","258","8460","7596","1217.49024","876.14298",\N,"8460",\N,"1217.49024","727 W Burnside St.","Portland","97209","727 W Burnside St.","Portland","97209"
"Import Donor 1","Import Donee 1","OR","OR","1040","122","277","279","","","0000-00-00 00:00:00","2017-08-11 14:35:57","0000-00-00 00:00:00","2017-08-11 14:35:57","2017-08-11 14:35:57","0000-00-00 00:00:00","0000-00-00 00:00:00","2017-08-11 ","798","660","19506","16998","4715.09184","3937.87608",\N,"19506",\N,"4715.09184","727 W Burnside St.","Portland","97209","727 W Burnside St.","Portland","97209"
"Import Donor 1","Import Donee 1","OR","OR","1040","123","277","279","","","0000-00-00 00:00:00","2017-08-11 15:49:36","0000-00-00 00:00:00","2017-08-11 15:49:36","2017-08-11 15:49:36","0000-00-00 00:00:00","0000-00-00 00:00:00","2017-08-11 ","936","642","20622","15264","21861.37962","8724.98880",\N,"20622",\N,"21861.37962","727 W Burnside St.","Portland","97209","727 W Burnside St.","Portland","97209"
"Import Donor 2","Import Donee 1","OR","OR","1040","124","278","279","","","0000-00-00 00:00:00","2017-08-11 17:59:03","0000-00-00 00:00:00","2017-08-11 17:59:03","2017-08-11 17:59:03","0000-00-00 00:00:00","0000-00-00 00:00:00","2017-08-11 ","378","264","8682","6306","6249.63048","2097.72174",\N,"8682",\N,"6249.63048","727 W Burnside St.","Portland","97209","727 W Burnside St.","Portland","97209"
"Import Donor 2","Import Donee 1","OR","OR","1040","125","278","279","","","0000-00-00 00:00:00","2017-08-11 18:32:36","0000-00-00 00:00:00","2017-08-11 18:32:36","2017-08-11 18:32:36","0000-00-00 00:00:00","0000-00-00 00:00:00","2017-08-11 ","558","462","12912","11718","6412.17462","5148.94212",\N,"12912",\N,"6412.17462","727 W Burnside St.","Portland","97209","727 W Burnside St.","Portland","97209"
"Import Donor 2","Import Donee 1","OR","OR","1040","126","278","279","","","0000-00-00 00:00:00","2017-08-11 19:35:43","0000-00-00 00:00:00","2017-08-11 19:35:43","2017-08-11 19:35:43","0000-00-00 00:00:00","0000-00-00 00:00:00","2017-08-11 ","450","294","8976","6714","4717.78260","3831.97098",\N,"8976",\N,"4717.78260","727 W Burnside St.","Portland","97209","727 W Burnside St.","Portland","97209"
"Import Donor 2","Import Donee 1","OR","OR","1040","127","278","279","","","0000-00-00 00:00:00","2017-08-11 20:14:25","0000-00-00 00:00:00","2017-08-11 20:14:25","2017-08-11 20:14:25","0000-00-00 00:00:00","0000-00-00 00:00:00","2017-08-11 ","432","336","10308","9102","6163.47996","5823.52050",\N,"10308",\N,"6163.47996","727 W Burnside St.","Portland","97209","727 W Burnside St.","Portland","97209"
"Import Donor 2","Import Donee 1","OR","OR","1040","128","278","279","","","0000-00-00 00:00:00","2017-08-11 20:53:01","0000-00-00 00:00:00","2017-08-11 20:53:01","2017-08-11 20:53:01","0000-00-00 00:00:00","0000-00-00 00:00:00","2017-08-11 ","522","384","11760","9564","2851.63188","1744.52928",\N,"11760",\N,"2851.63188","727 W Burnside St.","Portland","97209","727 W Burnside St.","Portland","97209"
"Import Donor 2","Import Donee 1","OR","OR","1040","129","278","279","","","0000-00-00 00:00:00","2017-08-11 21:41:49","0000-00-00 00:00:00","2017-08-11 21:41:49","2017-08-11 21:41:49","0000-00-00 00:00:00","0000-00-00 00:00:00","2017-08-11 ","90","66","1830","1404","928.63068","896.22792",\N,"1830",\N,"928.63068","727 W Burnside St.","Portland","97209","727 W Burnside St.","Portland","97209"
"Import Donor 2","Import Donee 1","OR","OR","1040","130","278","279","","","0000-00-00 00:00:00","2017-08-14 18:43:17","0000-00-00 00:00:00","2017-08-14 18:43:17","2017-08-14 18:43:17","0000-00-00 00:00:00","0000-00-00 00:00:00","2017-08-14 ","552","462","10338","9600","6554.00208","4457.32056",\N,"10338",\N,"6554.00208","727 W Burnside St.","Portland","97209","727 W Burnside St.","Portland","97209"
"Import Donor 2","Import Donee 1","OR","OR","1040","131","278","279","","","0000-00-00 00:00:00","2017-08-14 21:09:20","0000-00-00 00:00:00","2017-08-14 21:09:20","2017-08-14 21:09:20","0000-00-00 00:00:00","0000-00-00 00:00:00","2017-08-14 ","462","366","11400","10146","10061.76402","7370.55606",\N,"11400",\N,"10061.76402","727 W Burnside St.","Portland","97209","727 W Burnside St.","Portland","97209"
"Import Donor 2","Import Donee 1","OR","OR","1040","132","278","279","","","0000-00-00 00:00:00","2017-08-15 15:24:03","0000-00-00 00:00:00","2017-08-15 15:24:03","2017-08-15 15:24:03","0000-00-00 00:00:00","0000-00-00 00:00:00","2017-08-15 ","456","390","10158","8892","4277.74584","2728.18734",\N,"10158",\N,"4277.74584","727 W Burnside St.","Portland","97209","727 W Burnside St.","Portland","97209"
"Import Donor 1","Import Donee 1","OR","OR","1040","133","277","279","","","0000-00-00 00:00:00","2017-08-16 19:01:00","0000-00-00 00:00:00","2017-08-16 19:01:00","2017-08-16 19:01:00","0000-00-00 00:00:00","0000-00-00 00:00:00","2017-08-16 ","1008","822","23088","19524","15182.48328","12189.05856",\N,"23088",\N,"15182.48328","727 W Burnside St.","Portland","97209","727 W Burnside St.","Portland","97209"
"Import Donor 1","Import Donee 1","OR","OR","1040","134","277","279","","","0000-00-00 00:00:00","2017-08-16 20:31:29","0000-00-00 00:00:00","2017-08-16 20:31:29","2017-08-16 20:31:29","0000-00-00 00:00:00","0000-00-00 00:00:00","2017-08-16 ","846","624","15528","12696","8316.37614","7183.54314",\N,"15528",\N,"8316.37614","727 W Burnside St.","Portland","97209","727 W Burnside St.","Portland","97209"
"Import Donor 1","Import Donee 1","OR","OR","1040","135","277","279","","","0000-00-00 00:00:00","2017-08-16 21:35:50","0000-00-00 00:00:00","2017-08-16 21:35:50","2017-08-16 21:35:50","0000-00-00 00:00:00","0000-00-00 00:00:00","2017-08-16 ","258","204","7164","5766","2040.66090","1622.36046",\N,"7164",\N,"2040.66090","727 W Burnside St.","Portland","97209","727 W Burnside St.","Portland","97209"
"Import Donor 1","Import Donee 1","OR","OR","1040","136","277","279","","","0000-00-00 00:00:00","2017-08-18 14:09:32","0000-00-00 00:00:00","2017-08-18 14:09:32","2017-08-18 14:09:32","0000-00-00 00:00:00","0000-00-00 00:00:00","2017-08-18 ","522","372","11370","9096","7076.91174","4099.59036",\N,"11370",\N,"7076.91174","727 W Burnside St.","Portland","97209","727 W Burnside St.","Portland","97209"
"Import Donor 2","Import Donee 1","OR","OR","1040","137","278","279","","","0000-00-00 00:00:00","2017-08-18 16:17:11","0000-00-00 00:00:00","2017-08-18 16:17:11","2017-08-18 16:17:11","0000-00-00 00:00:00","0000-00-00 00:00:00","2017-08-18 ","486","354","10986","9774","4261.72932","4031.88498",\N,"10986",\N,"4261.72932","727 W Burnside St.","Portland","97209","727 W Burnside St.","Portland","97209"
"Import Donor 2","Import Donee 1","OR","OR","1040","138","278","279","","","0000-00-00 00:00:00","2017-08-18 17:02:01","0000-00-00 00:00:00","2017-08-18 17:02:01","2017-08-18 17:02:01","0000-00-00 00:00:00","0000-00-00 00:00:00","2017-08-18 ","516","348","9714","7002","3413.07768","2851.89252",\N,"9714",\N,"3413.07768","727 W Burnside St.","Portland","97209","727 W Burnside St.","Portland","97209"
"Import Donor 2","Import Donee 1","OR","OR","1040","139","278","279","","","0000-00-00 00:00:00","2017-08-18 17:39:48","0000-00-00 00:00:00","2017-08-18 17:39:48","2017-08-18 17:39:48","0000-00-00 00:00:00","0000-00-00 00:00:00","2017-08-18 ","558","378","13578","9690","8480.36928","5073.99984",\N,"13578",\N,"8480.36928","727 W Burnside St.","Portland","97209","727 W Burnside St.","Portland","97209"
"Import Donor 1","Import Donee 1","OR","OR","1040","140","277","279","","","0000-00-00 00:00:00","2017-08-18 20:03:43","0000-00-00 00:00:00","2017-08-18 20:03:43","2017-08-18 20:03:43","0000-00-00 00:00:00","0000-00-00 00:00:00","2017-08-18 ","894","648","20358","16206","8872.97178","7358.86782",\N,"20358",\N,"8872.97178","727 W Burnside St.","Portland","97209","727 W Burnside St.","Portland","97209"
"Import Donor 1","Import Donee 1","OR","OR","1040","141","277","279","","","0000-00-00 00:00:00","2017-08-18 21:01:38","0000-00-00 00:00:00","2017-08-18 21:01:38","2017-08-18 21:01:38","0000-00-00 00:00:00","0000-00-00 00:00:00","2017-08-18 ","1080","726","24696","17886","10393.80900","7582.71510",\N,"24696",\N,"10393.80900","727 W Burnside St.","Portland","97209","727 W Burnside St.","Portland","97209"
"Import Donor 1","Import Donee 1","OR","OR","1040","142","277","279","","","0000-00-00 00:00:00","2017-08-21 14:18:51","0000-00-00 00:00:00","2017-08-21 14:18:51","2017-08-21 14:18:51","0000-00-00 00:00:00","0000-00-00 00:00:00","2017-08-21 ","852","588","22104","16062","11295.86574","9886.79724",\N,"22104",\N,"11295.86574","727 W Burnside St.","Portland","97209","727 W Burnside St.","Portland","97209"
"Import Donor 1","Import Donee 1","OR","OR","1040","143","277","279","","","0000-00-00 00:00:00","2017-08-21 16:12:24","0000-00-00 00:00:00","2017-08-21 16:12:24","2017-08-21 16:12:24","0000-00-00 00:00:00","0000-00-00 00:00:00","2017-08-21 ","756","522","18690","14922","10436.91366","8163.39702",\N,"18690",\N,"10436.91366","727 W Burnside St.","Portland","97209","727 W Burnside St.","Portland","97209"
"Import Donor 2","Import Donee 1","OR","OR","1040","144","278","279","","","0000-00-00 00:00:00","2017-08-21 18:02:01","0000-00-00 00:00:00","2017-08-21 18:02:01","2017-08-21 18:02:01","0000-00-00 00:00:00","0000-00-00 00:00:00","2017-08-21 ","528","366","12756","9228","4466.39190","2633.12718",\N,"12756",\N,"4466.39190","727 W Burnside St.","Portland","97209","727 W Burnside St.","Portland","97209"
"Import Donor 2","Import Donee 1","OR","OR","1040","145","278","279","","","0000-00-00 00:00:00","2017-08-22 15:59:26","0000-00-00 00:00:00","2017-08-22 15:59:26","2017-08-22 15:59:26","0000-00-00 00:00:00","0000-00-00 00:00:00","2017-08-22 ","558","426","13140","10944","2050.13328","1707.65478",\N,"13140",\N,"2050.13328","727 W Burnside St.","Portland","97209","727 W Burnside St.","Portland","97209"
"Import Donor 2","Import Donee 1","OR","OR","1040","146","278","279","","","0000-00-00 00:00:00","2017-08-22 18:38:50","0000-00-00 00:00:00","2017-08-22 18:38:50","2017-08-22 18:38:50","0000-00-00 00:00:00","0000-00-00 00:00:00","2017-08-22 ","486","354","10734","8058","5449.18686","1876.23714",\N,"10734",\N,"5449.18686","727 W Burnside St.","Portland","97209","727 W Burnside St.","Portland","97209"
"Import Donor 2","Import Donee 1","OR","OR","1040","147","278","279","","","0000-00-00 00:00:00","2017-08-23 20:45:31","0000-00-00 00:00:00","2017-08-23 20:45:31","2017-08-23 20:45:31","0000-00-00 00:00:00","0000-00-00 00:00:00","2017-08-23 ","450","342","15168","11838","4341.21300","3332.66064",\N,"15168",\N,"4341.21300","727 W Burnside St.","Portland","97209","727 W Burnside St.","Portland","97209"
"Import Donor 2","Import Donee 1","OR","OR","1040","148","278","279","","","0000-00-00 00:00:00","2017-08-25 14:16:33","0000-00-00 00:00:00","2017-08-25 14:16:33","2017-08-25 14:16:33","0000-00-00 00:00:00","0000-00-00 00:00:00","2017-08-25 ","168","126","4446","3468","1342.69626","1055.94144",\N,"4446",\N,"1342.69626","727 W Burnside St.","Portland","97209","727 W Burnside St.","Portland","97209"
"Import Donor 2","Import Donee 1","OR","OR","1040","149","278","279","","","0000-00-00 00:00:00","2017-08-25 14:30:13","0000-00-00 00:00:00","2017-08-25 14:30:13","2017-08-25 14:30:13","0000-00-00 00:00:00","0000-00-00 00:00:00","2017-08-25 ","408","306","9042","7476","4652.71026","4157.06538",\N,"9042",\N,"4652.71026","727 W Burnside St.","Portland","97209","727 W Burnside St.","Portland","97209"
"Import Donor 2","Import Donee 1","OR","OR","1040","150","278","279","","","0000-00-00 00:00:00","2017-08-25 15:11:32","0000-00-00 00:00:00","2017-08-25 15:11:32","2017-08-25 15:11:32","0000-00-00 00:00:00","0000-00-00 00:00:00","2017-08-25 ","468","354","10848","8784","8471.38506","4499.94762",\N,"10848",\N,"8471.38506","727 W Burnside St.","Portland","97209","727 W Burnside St.","Portland","97209"
"Import Donor 1","Import Donee 1","OR","OR","1040","151","277","279","","","0000-00-00 00:00:00","2017-08-25 16:03:13","0000-00-00 00:00:00","2017-08-25 16:03:13","2017-08-25 16:03:13","0000-00-00 00:00:00","0000-00-00 00:00:00","2017-08-25 ","1062","828","23682","20094","10550.30250","6615.27936",\N,"23682",\N,"10550.30250","727 W Burnside St.","Portland","97209","727 W Burnside St.","Portland","97209"
"Import Donor 2","Import Donee 1","OR","OR","1040","152","278","279","","","0000-00-00 00:00:00","2017-08-25 20:19:28","0000-00-00 00:00:00","2017-08-25 20:19:28","2017-08-25 20:19:28","0000-00-00 00:00:00","0000-00-00 00:00:00","2017-08-25 ","504","378","12954","10398","44270.14104","42399.52074",\N,"12954",\N,"44270.14104","727 W Burnside St.","Portland","97209","727 W Burnside St.","Portland","97209"
"Import Donor 2","Import Donee 1","OR","OR","1040","153","278","279","","","0000-00-00 00:00:00","2017-08-25 21:30:41","0000-00-00 00:00:00","2017-08-25 21:30:41","2017-08-25 21:30:41","0000-00-00 00:00:00","0000-00-00 00:00:00","2017-08-25 ","96","84","1836","1740","1156.23702","1141.09152",\N,"1836",\N,"1156.23702","727 W Burnside St.","Portland","97209","727 W Burnside St.","Portland","97209"
"Import Donor 2","Import Donee 1","OR","OR","1040","154","278","279","","","0000-00-00 00:00:00","2017-08-28 14:13:55","0000-00-00 00:00:00","2017-08-28 14:13:55","2017-08-28 14:13:55","0000-00-00 00:00:00","0000-00-00 00:00:00","2017-08-28 ","324","240","7368","6132","8142.09684","4570.75362",\N,"7368",\N,"8142.09684","727 W Burnside St.","Portland","97209","727 W Burnside St.","Portland","97209"
"Import Donor 1","Import Donee 1","OR","OR","1040","155","277","279","","","0000-00-00 00:00:00","2017-08-28 15:56:35","0000-00-00 00:00:00","2017-08-28 15:56:35","2017-08-28 15:56:35","0000-00-00 00:00:00","0000-00-00 00:00:00","2017-08-28 ","1134","834","26802","23058","13397.32092","12185.33136",\N,"26802",\N,"13397.32092","727 W Burnside St.","Portland","97209","727 W Burnside St.","Portland","97209"
"Import Donor 1","Import Donee 1","OR","OR","1040","156","277","279","","","0000-00-00 00:00:00","2017-08-28 18:45:36","0000-00-00 00:00:00","2017-08-28 18:45:36","2017-08-28 18:45:36","0000-00-00 00:00:00","0000-00-00 00:00:00","2017-08-28 ","962","734","27299","23535","7429.69635","5393.65901",\N,"27299",\N,"7429.69635","727 W Burnside St.","Portland","97209","727 W Burnside St.","Portland","97209"
"Import Donor 2","Import Donee 1","OR","OR","1040","157","278","279","","","0000-00-00 00:00:00","2017-08-28 21:20:59","0000-00-00 00:00:00","2017-08-28 21:20:59","2017-08-28 21:20:59","0000-00-00 00:00:00","0000-00-00 00:00:00","2017-08-28 ","295","200","5720","4000","2743.57465","1303.65700",\N,"5720",\N,"2743.57465","727 W Burnside St.","Portland","97209","727 W Burnside St.","Portland","97209"
"Import Donor 1","Import Donee 1","OR","OR","1040","158","277","279","","","0000-00-00 00:00:00","2017-08-29 14:10:04","0000-00-00 00:00:00","2017-08-29 14:10:04","2017-08-29 14:10:04","0000-00-00 00:00:00","0000-00-00 00:00:00","2017-08-29 ","1030","740","22325","17930","11810.69595","10527.99255",\N,"22325",\N,"11810.69595","727 W Burnside St.","Portland","97209","727 W Burnside St.","Portland","97209"
"Import Donor 1","Import Donee 1","OR","OR","1040","159","277","279","","","0000-00-00 00:00:00","2017-08-29 15:41:28","0000-00-00 00:00:00","2017-08-29 15:41:28","2017-08-29 15:41:28","0000-00-00 00:00:00","0000-00-00 00:00:00","2017-08-29 ","895","715","25900","22690","13981.08535","11451.38930",\N,"25900",\N,"13981.08535","727 W Burnside St.","Portland","97209","727 W Burnside St.","Portland","97209"
"Import Donor 1","Import Donee 1","OR","OR","1040","160","277","279","","","0000-00-00 00:00:00","2017-08-29 19:08:28","0000-00-00 00:00:00","2017-08-29 19:08:28","2017-08-29 19:08:28","0000-00-00 00:00:00","0000-00-00 00:00:00","2017-08-29 ","815","625","19545","16645","6397.26435","5943.71960",\N,"19545",\N,"6397.26435","727 W Burnside St.","Portland","97209","727 W Burnside St.","Portland","97209"
"Import Donor 2","Import Donee 1","OR","OR","1040","161","278","279","","","0000-00-00 00:00:00","2017-08-29 20:24:16","0000-00-00 00:00:00","2017-08-29 20:24:16","2017-08-29 20:24:16","0000-00-00 00:00:00","0000-00-00 00:00:00","2017-08-29 ","490","350","10835","8275","3812.91150","3413.03475",\N,"10835",\N,"3812.91150","727 W Burnside St.","Portland","97209","727 W Burnside St.","Portland","97209"
"Import Donor 2","Import Donee 1","OR","OR","1040","162","278","279","","","0000-00-00 00:00:00","2017-08-29 21:08:01","0000-00-00 00:00:00","2017-08-29 21:08:01","2017-08-29 21:08:01","0000-00-00 00:00:00","0000-00-00 00:00:00","2017-08-29 ","185","125","5410","4230","7697.04945","6206.40535",\N,"5410",\N,"7697.04945","727 W Burnside St.","Portland","97209","727 W Burnside St.","Portland","97209"
"Import Donor 2","Import Donee 1","OR","OR","1040","163","278","279","","","0000-00-00 00:00:00","2017-08-29 21:35:12","0000-00-00 00:00:00","2017-08-29 21:35:12","2017-08-29 21:35:12","0000-00-00 00:00:00","0000-00-00 00:00:00","2017-08-29 ","150","105","3855","2780","1345.51540","400.17615",\N,"3855",\N,"1345.51540","727 W Burnside St.","Portland","97209","727 W Burnside St.","Portland","97209"
"Import Donor 1","Import Donee 1","OR","OR","1040","164","277","279","","","0000-00-00 00:00:00","2017-08-30 14:09:08","0000-00-00 00:00:00","2017-08-30 14:09:08","2017-08-30 14:09:08","0000-00-00 00:00:00","0000-00-00 00:00:00","2017-08-30 ","915","665","20965","15890","19621.23430","6233.91780",\N,"20965",\N,"19621.23430","727 W Burnside St.","Portland","97209","727 W Burnside St.","Portland","97209"
"Import Donor 2","Import Donee 1","OR","OR","1040","165","278","279","","","0000-00-00 00:00:00","2017-08-30 16:19:34","0000-00-00 00:00:00","2017-08-30 16:19:34","2017-08-30 16:19:34","0000-00-00 00:00:00","0000-00-00 00:00:00","2017-08-30 ","440","345","10495","8920","11561.33965","5334.44195",\N,"10495",\N,"11561.33965","727 W Burnside St.","Portland","97209","727 W Burnside St.","Portland","97209"
"Import Donor 2","Import Donee 1","OR","OR","1040","166","278","279","","","0000-00-00 00:00:00","2017-08-30 18:04:19","0000-00-00 00:00:00","2017-08-30 18:04:19","2017-08-30 18:04:19","0000-00-00 00:00:00","0000-00-00 00:00:00","2017-08-30 ","510","390","11590","9385","10649.00035","8002.45205",\N,"11590",\N,"10649.00035","727 W Burnside St.","Portland","97209","727 W Burnside St.","Portland","97209"
"Import Donor 2","Import Donee 1","OR","OR","1040","167","278","279","","","0000-00-00 00:00:00","2017-08-30 18:49:36","0000-00-00 00:00:00","2017-08-30 18:49:36","2017-08-30 18:49:36","0000-00-00 00:00:00","0000-00-00 00:00:00","2017-08-30 ","240","200","6460","5550","4303.54265","3931.07745",\N,"6460",\N,"4303.54265","727 W Burnside St.","Portland","97209","727 W Burnside St.","Portland","97209"
"Import Donor 2","Import Donee 1","OR","OR","1040","168","278","279","","","0000-00-00 00:00:00","2017-08-30 19:23:37","0000-00-00 00:00:00","2017-08-30 19:23:37","2017-08-30 19:23:37","0000-00-00 00:00:00","0000-00-00 00:00:00","2017-08-30 ","415","325","10840","9125","11509.34405","9228.43355",\N,"10840",\N,"11509.34405","727 W Burnside St.","Portland","97209","727 W Burnside St.","Portland","97209"
"Import Donor 2","Import Donee 1","OR","OR","1040","169","278","279","","","0000-00-00 00:00:00","2017-08-30 20:10:18","0000-00-00 00:00:00","2017-08-30 20:10:18","2017-08-30 20:10:18","0000-00-00 00:00:00","0000-00-00 00:00:00","2017-08-30 ","440","320","8330","6765","6502.43300","5029.17055",\N,"8330",\N,"6502.43300","727 W Burnside St.","Portland","97209","727 W Burnside St.","Portland","97209"
"Import Donor 2","Import Donee 1","OR","OR","1040","170","278","279","","","0000-00-00 00:00:00","2017-08-31 14:15:54","0000-00-00 00:00:00","2017-08-31 14:15:54","2017-08-31 14:15:54","0000-00-00 00:00:00","0000-00-00 00:00:00","2017-08-31 ","75","45","1470","1200","1274.59405","184.49025",\N,"1470",\N,"1274.59405","727 W Burnside St.","Portland","97209","727 W Burnside St.","Portland","97209"
"Import Donor 2","Import Donee 1","OR","OR","1040","171","278","279","","","0000-00-00 00:00:00","2017-08-31 14:32:11","0000-00-00 00:00:00","2017-08-31 14:32:11","2017-08-31 14:32:11","0000-00-00 00:00:00","0000-00-00 00:00:00","2017-08-31 ","440","310","8370","6495","4702.98785","3875.13605",\N,"8370",\N,"4702.98785","727 W Burnside St.","Portland","97209","727 W Burnside St.","Portland","97209"
"Import Donor 2","Import Donee 1","OR","OR","1040","172","278","279","","","0000-00-00 00:00:00","2017-08-31 15:07:13","0000-00-00 00:00:00","2017-08-31 15:07:13","2017-08-31 15:07:13","0000-00-00 00:00:00","0000-00-00 00:00:00","2017-08-31 ","340","220","8310","5950","12299.50065","7770.75475",\N,"8310",\N,"12299.50065","727 W Burnside St.","Portland","97209","727 W Burnside St.","Portland","97209"
"Import Donor 2","Import Donee 1","OR","OR","1040","173","278","279","","","0000-00-00 00:00:00","2017-08-31 15:45:09","0000-00-00 00:00:00","2017-08-31 15:45:09","2017-08-31 15:45:09","0000-00-00 00:00:00","0000-00-00 00:00:00","2017-08-31 ","350","245","7270","5585","8314.30085","8090.12630",\N,"7270",\N,"8314.30085","727 W Burnside St.","Portland","97209","727 W Burnside St.","Portland","97209"
"Import Donor 2","Import Donee 1","OR","OR","1040","174","278","279","","","0000-00-00 00:00:00","2017-08-31 16:13:40","0000-00-00 00:00:00","2017-08-31 16:13:40","2017-08-31 16:13:40","0000-00-00 00:00:00","0000-00-00 00:00:00","2017-08-31 ","385","310","8910","7945","2213.66980","2020.36935",\N,"8910",\N,"2213.66980","727 W Burnside St.","Portland","97209","727 W Burnside St.","Portland","97209"
"Import Donor 2","Import Donee 1","OR","OR","1040","175","278","279","","","0000-00-00 00:00:00","2017-08-31 16:42:40","0000-00-00 00:00:00","2017-08-31 16:42:40","2017-08-31 16:42:40","0000-00-00 00:00:00","0000-00-00 00:00:00","2017-08-31 ","380","255","6690","4775","3353.21570","1348.51920",\N,"6690",\N,"3353.21570","727 W Burnside St.","Portland","97209","727 W Burnside St.","Portland","97209"
"Import Donor 2","Import Donee 1","OR","OR","1040","176","278","279","","","0000-00-00 00:00:00","2017-08-31 17:15:05","0000-00-00 00:00:00","2017-08-31 17:15:05","2017-08-31 17:15:05","0000-00-00 00:00:00","0000-00-00 00:00:00","2017-08-31 ","415","290","12980","9920","32043.14190","26860.83775",\N,"12980",\N,"32043.14190","727 W Burnside St.","Portland","97209","727 W Burnside St.","Portland","97209"
"Import Donor 2","Import Donee 1","OR","OR","1040","177","278","279","","","0000-00-00 00:00:00","2017-08-31 18:54:19","0000-00-00 00:00:00","2017-08-31 18:54:19","2017-08-31 18:54:19","0000-00-00 00:00:00","0000-00-00 00:00:00","2017-08-31 ","420","300","8020","6550","5123.33240","4253.60455",\N,"8020",\N,"5123.33240","727 W Burnside St.","Portland","97209","727 W Burnside St.","Portland","97209"
"Import Donor 2","Import Donee 1","OR","OR","1040","178","278","279","","","0000-00-00 00:00:00","2017-08-31 19:36:48","0000-00-00 00:00:00","2017-08-31 19:36:48","2017-08-31 19:36:48","0000-00-00 00:00:00","0000-00-00 00:00:00","2017-08-31 ","525","325","10470","7805","2727.50410","2254.05805",\N,"10470",\N,"2727.50410","727 W Burnside St.","Portland","97209","727 W Burnside St.","Portland","97209"
"Import Donor 1","Import Donee 1","OR","OR","1040","179","277","279","","","0000-00-00 00:00:00","2017-09-01 14:59:53","0000-00-00 00:00:00","2017-09-01 14:59:53","2017-09-01 14:59:53","0000-00-00 00:00:00","0000-00-00 00:00:00","2017-09-01 ","920","645","19425","14280","9867.44005","7279.40980",\N,"19425",\N,"9867.44005","727 W Burnside St.","Portland","97209","727 W Burnside St.","Portland","97209"
"Import Donor 1","Import Donee 1","OR","OR","1040","180","277","279","","","0000-00-00 00:00:00","2017-09-01 16:22:50","0000-00-00 00:00:00","2017-09-01 16:22:50","2017-09-01 16:22:50","0000-00-00 00:00:00","0000-00-00 00:00:00","2017-09-01 ","870","670","20935","17185","13339.73695","10806.65430",\N,"20935",\N,"13339.73695","727 W Burnside St.","Portland","97209","727 W Burnside St.","Portland","97209"
"Import Donor 1","Import Donee 1","OR","OR","1040","181","277","279","","","0000-00-00 00:00:00","2017-09-01 17:25:34","0000-00-00 00:00:00","2017-09-01 17:25:34","2017-09-01 17:25:34","0000-00-00 00:00:00","0000-00-00 00:00:00","2017-09-01 ","765","545","18660","14645","12296.26115","9285.34620",\N,"18660",\N,"12296.26115","727 W Burnside St.","Portland","97209","727 W Burnside St.","Portland","97209"
"Import Donor 2","Import Donee 1","OR","OR","1040","182","278","279","","","0000-00-00 00:00:00","2017-09-07 14:50:01","0000-00-00 00:00:00","2017-09-07 14:50:01","2017-09-07 14:50:01","0000-00-00 00:00:00","0000-00-00 00:00:00","2017-09-07 ","400","325","11855","9865","9783.92935","6875.98465",\N,"11855",\N,"9783.92935","727 W Burnside St.","Portland","97209","727 W Burnside St.","Portland","97209"
"Import Donor 1","Import Donee 1","OR","OR","1040","183","277","279","","","0000-00-00 00:00:00","2017-09-08 15:21:24","0000-00-00 00:00:00","2017-09-08 15:21:24","2017-09-08 15:21:24","0000-00-00 00:00:00","0000-00-00 00:00:00","2017-09-08 ","900","685","20160","16925","8685.12415","7695.89625",\N,"20160",\N,"8685.12415","727 W Burnside St.","Portland","97209","727 W Burnside St.","Portland","97209"
"Import Donor 1","Import Donee 1","OR","OR","1040","184","277","279","","","0000-00-00 00:00:00","2017-09-08 19:57:01","0000-00-00 00:00:00","2017-09-08 19:57:01","2017-09-08 19:57:01","0000-00-00 00:00:00","0000-00-00 00:00:00","2017-09-08 ","530","420","13725","11560","7703.82065","6739.22425",\N,"13725",\N,"7703.82065","727 W Burnside St.","Portland","97209","727 W Burnside St.","Portland","97209"
"Import Donor 1","Import Donee 1","OR","OR","1040","185","277","279","","","0000-00-00 00:00:00","2017-09-08 20:56:21","0000-00-00 00:00:00","2017-09-08 20:56:21","2017-09-08 20:56:21","0000-00-00 00:00:00","0000-00-00 00:00:00","2017-09-08 ","770","555","16200","13470","13205.92170","12632.30855",\N,"16200",\N,"13205.92170","727 W Burnside St.","Portland","97209","727 W Burnside St.","Portland","97209"
"Import Donor 1","Import Donee 1","OR","OR","1040","186","277","279","","","0000-00-00 00:00:00","2017-09-14 14:21:56","0000-00-00 00:00:00","2017-09-14 14:21:56","2017-09-14 14:21:56","0000-00-00 00:00:00","0000-00-00 00:00:00","2017-09-14 ","915","615","19020","15085","5729.27595","4490.29550",\N,"19020",\N,"5729.27595","727 W Burnside St.","Portland","97209","727 W Burnside St.","Portland","97209"
"Import Donor 1","Import Donee 1","OR","OR","1040","187","277","279","","","0000-00-00 00:00:00","2017-09-14 18:08:20","0000-00-00 00:00:00","2017-09-14 18:08:20","2017-09-14 18:08:20","0000-00-00 00:00:00","0000-00-00 00:00:00","2017-09-14 ","985","775","22615","19090","12631.04650","10859.07990",\N,"22615",\N,"12631.04650","727 W Burnside St.","Portland","97209","727 W Burnside St.","Portland","97209"
"Import Donor 1","Import Donee 1","OR","OR","1040","188","277","279","","","0000-00-00 00:00:00","2017-09-14 19:42:54","0000-00-00 00:00:00","2017-09-14 19:42:54","2017-09-14 19:42:54","0000-00-00 00:00:00","0000-00-00 00:00:00","2017-09-14 ","815","590","18070","14570","9499.26180","7970.39455",\N,"18070",\N,"9499.26180","727 W Burnside St.","Portland","97209","727 W Burnside St.","Portland","97209"
"Import Donor 1","Import Donee 1","OR","OR","1040","189","277","279","","","0000-00-00 00:00:00","2017-09-15 16:02:47","0000-00-00 00:00:00","2017-09-15 16:02:47","2017-09-15 16:02:47","0000-00-00 00:00:00","0000-00-00 00:00:00","2017-09-15 ","915","700","21875","17000","8739.45590","5901.65495",\N,"21875",\N,"8739.45590","727 W Burnside St.","Portland","97209","727 W Burnside St.","Portland","97209"
"Import Donor 1","Import Donee 1","OR","OR","1040","190","277","279","","","0000-00-00 00:00:00","2017-09-15 19:17:13","0000-00-00 00:00:00","2017-09-15 19:17:13","2017-09-15 19:17:13","0000-00-00 00:00:00","0000-00-00 00:00:00","2017-09-15 ","110","65","3190","2510","578.82920","355.95060",\N,"3190",\N,"578.82920","727 W Burnside St.","Portland","97209","727 W Burnside St.","Portland","97209"
"Import Donor 1","Import Donee 1","OR","OR","1040","191","277","279","","","0000-00-00 00:00:00","2017-09-15 19:29:16","0000-00-00 00:00:00","2017-09-15 19:29:16","2017-09-15 19:29:16","0000-00-00 00:00:00","0000-00-00 00:00:00","2017-09-15 ","755","635","18720","17040","10249.07430","9653.71355",\N,"18720",\N,"10249.07430","727 W Burnside St.","Portland","97209","727 W Burnside St.","Portland","97209"
"Import Donor 2","Import Donee 1","OR","OR","1040","192","278","279","","","0000-00-00 00:00:00","2017-09-15 21:46:33","0000-00-00 00:00:00","2017-09-15 21:46:33","2017-09-15 21:46:33","0000-00-00 00:00:00","0000-00-00 00:00:00","2017-09-15 ","120","90","2510","2140","3768.66850","3581.32190",\N,"2510",\N,"3768.66850","727 W Burnside St.","Portland","97209","727 W Burnside St.","Portland","97209"
"Import Donor 2","Import Donee 1","OR","OR","1040","193","278","279","","","0000-00-00 00:00:00","2017-09-18 14:08:08","0000-00-00 00:00:00","2017-09-18 14:08:08","2017-09-18 14:08:08","0000-00-00 00:00:00","0000-00-00 00:00:00","2017-09-18 ","290","230","7565","6590","7771.42830","2428.76955",\N,"7565",\N,"7771.42830","727 W Burnside St.","Portland","97209","727 W Burnside St.","Portland","97209"
"Import Donor 2","Import Donee 1","OR","OR","1040","194","278","279","","","0000-00-00 00:00:00","2017-09-18 14:30:34","0000-00-00 00:00:00","2017-09-18 14:30:34","2017-09-18 14:30:34","0000-00-00 00:00:00","0000-00-00 00:00:00","2017-09-18 ","445","310","9020","6850","3525.98385","2029.73245",\N,"9020",\N,"3525.98385","727 W Burnside St.","Portland","97209","727 W Burnside St.","Portland","97209"
"Import Donor 2","Import Donee 1","OR","OR","1040","195","278","279","","","0000-00-00 00:00:00","2017-09-18 14:59:45","0000-00-00 00:00:00","2017-09-18 14:59:45","2017-09-18 14:59:45","0000-00-00 00:00:00","0000-00-00 00:00:00","2017-09-18 ","400","295","9600","8515","14170.11470","6674.62975",\N,"9600",\N,"14170.11470","727 W Burnside St.","Portland","97209","727 W Burnside St.","Portland","97209"
"Import Donor 2","Import Donee 1","OR","OR","1040","196","278","279","","","0000-00-00 00:00:00","2017-09-19 20:26:45","0000-00-00 00:00:00","2017-09-19 20:26:45","2017-09-19 20:26:45","0000-00-00 00:00:00","0000-00-00 00:00:00","2017-09-19 ","470","315","8330","6345","5005.05015","2831.26800",\N,"8330",\N,"5005.05015","727 W Burnside St.","Portland","97209","727 W Burnside St.","Portland","97209"
"Import Donor 2","Import Donee 1","OR","OR","1040","197","278","279","","","0000-00-00 00:00:00","2017-09-19 20:57:54","0000-00-00 00:00:00","2017-09-19 20:57:54","2017-09-19 20:57:54","0000-00-00 00:00:00","0000-00-00 00:00:00","2017-09-19 ","520","350","10955","9025","3433.71240","2454.29650",\N,"10955",\N,"3433.71240","727 W Burnside St.","Portland","97209","727 W Burnside St.","Portland","97209"
"Import Donor 2","Import Donee 1","OR","OR","1040","198","278","279","","","0000-00-00 00:00:00","2017-09-20 14:09:09","0000-00-00 00:00:00","2017-09-20 14:09:09","2017-09-20 14:09:09","0000-00-00 00:00:00","0000-00-00 00:00:00","2017-09-20 ","420","305","9095","7335","18084.91690","11929.93570",\N,"9095",\N,"18084.91690","727 W Burnside St.","Portland","97209","727 W Burnside St.","Portland","97209"
"Import Donor 2","Import Donee 1","OR","OR","1040","199","278","279","","","0000-00-00 00:00:00","2017-09-20 14:49:54","0000-00-00 00:00:00","2017-09-20 14:49:54","2017-09-20 14:49:54","0000-00-00 00:00:00","0000-00-00 00:00:00","2017-09-20 ","410","195","8940","4175","8751.94340","3230.20365",\N,"8940",\N,"8751.94340","727 W Burnside St.","Portland","97209","727 W Burnside St.","Portland","97209"
"Import Donor 1","Import Donee 1","OR","OR","1040","200","277","279","","","0000-00-00 00:00:00","2017-09-21 14:45:50","0000-00-00 00:00:00","2017-09-21 14:45:50","2017-09-21 14:45:50","0000-00-00 00:00:00","0000-00-00 00:00:00","2017-09-21 ","825","560","19395","14050","8903.91910","6547.28140",\N,"19395",\N,"8903.91910","727 W Burnside St.","Portland","97209","727 W Burnside St.","Portland","97209"
"Import Donor 1","Import Donee 1","OR","OR","1040","201","277","279","","","0000-00-00 00:00:00","2017-09-21 15:52:33","0000-00-00 00:00:00","2017-09-21 15:52:33","2017-09-21 15:52:33","0000-00-00 00:00:00","0000-00-00 00:00:00","2017-09-21 ","855","605","17665","13270","11583.86175","10531.30850",\N,"17665",\N,"11583.86175","727 W Burnside St.","Portland","97209","727 W Burnside St.","Portland","97209"
"Import Donor 1","Import Donee 1","OR","OR","1040","202","277","279","","","0000-00-00 00:00:00","2017-09-21 16:57:18","0000-00-00 00:00:00","2017-09-21 16:57:18","2017-09-21 16:57:18","0000-00-00 00:00:00","0000-00-00 00:00:00","2017-09-21 ","1020","660","21300","15665","17986.37340","8120.74435",\N,"21300",\N,"17986.37340","727 W Burnside St.","Portland","97209","727 W Burnside St.","Portland","97209"
"Import Donor 1","Import Donee 1","OR","OR","1040","203","277","279","","","0000-00-00 00:00:00","2017-09-28 15:13:17","0000-00-00 00:00:00","2017-09-28 15:13:17","2017-09-28 15:13:17","0000-00-00 00:00:00","0000-00-00 00:00:00","2017-09-28 ","865","620","19335","14550","8264.87745","6202.64420",\N,"19335",\N,"8264.87745","727 W Burnside St.","Portland","97209","727 W Burnside St.","Portland","97209"
"Import Donor 2","Import Donee 1","OR","OR","1040","204","278","279","","","0000-00-00 00:00:00","2017-09-28 16:28:53","0000-00-00 00:00:00","2017-09-28 16:28:53","2017-09-28 16:28:53","0000-00-00 00:00:00","0000-00-00 00:00:00","2017-09-28 ","445","320","11000","8945","118297.02905","3392.42450",\N,"11000",\N,"118297.02905","727 W Burnside St.","Portland","97209","727 W Burnside St.","Portland","97209"
"Import Donor 2","Import Donee 1","OR","OR","1040","205","278","279","","","0000-00-00 00:00:00","2017-09-28 17:29:51","0000-00-00 00:00:00","2017-09-28 17:29:51","2017-09-28 17:29:51","0000-00-00 00:00:00","0000-00-00 00:00:00","2017-09-28 ","500","325","7925","5620","2180.88870","1883.79870",\N,"7925",\N,"2180.88870","727 W Burnside St.","Portland","97209","727 W Burnside St.","Portland","97209"
"Import Donor 2","Import Donee 1","OR","OR","1040","206","278","279","","","0000-00-00 00:00:00","2017-09-28 18:17:43","0000-00-00 00:00:00","2017-09-28 18:17:43","2017-09-28 18:17:43","0000-00-00 00:00:00","0000-00-00 00:00:00","2017-09-28 ","370","260","8300","6435","3666.06115","3315.25000",\N,"8300",\N,"3666.06115","727 W Burnside St.","Portland","97209","727 W Burnside St.","Portland","97209"
"Import Donor 2","Import Donee 1","OR","OR","1040","207","278","279","","","0000-00-00 00:00:00","2017-09-28 19:08:31","0000-00-00 00:00:00","2017-09-28 19:08:31","2017-09-28 19:08:31","0000-00-00 00:00:00","0000-00-00 00:00:00","2017-09-28 ","525","400","10045","8690","1977.68785","1735.16750",\N,"10045",\N,"1977.68785","727 W Burnside St.","Portland","97209","727 W Burnside St.","Portland","97209"
"Import Donor 2","Import Donee 1","OR","OR","1040","208","278","279","","","0000-00-00 00:00:00","2017-09-28 19:49:00","0000-00-00 00:00:00","2017-09-28 19:49:00","2017-09-28 19:49:00","0000-00-00 00:00:00","0000-00-00 00:00:00","2017-09-28 ","460","345","9770","8430","12591.23410","5014.31030",\N,"9770",\N,"12591.23410","727 W Burnside St.","Portland","97209","727 W Burnside St.","Portland","97209"
